transcript	pSTR	STR_var_exp	eQTL_Chr	eQTL_peak	eQTL_var_exp	nSTR_pheno	LD	LD_level
2L52.1a.1	STR_20813	0.14	IV	16371580	0.15	2	0.52	Moderate LD
2RSSE.1a.1	STR_25066	0.17	V	14444778	0.2	2	0.35	Moderate LD
3R5.1a.1	STR_16029	0.15	III	12512302	0.16	3	0.38	Moderate LD
AC8.10.1	STR_6739	0.16	II	3333899	0.22	2	0.84	High LD
AC8.11.1	STR_6739	0.18	II	3333899	0.25	2	0.84	High LD
AC8.12	STR_6739	0.54	II	3333899	0.67	2	0.84	High LD
AC8.7	STR_6739	0.54	II	3333899	0.67	2	0.84	High LD
B0001.3b.2	STR_21602	0.17	IV	16652461	0.17	2	0.9	High LD
B0001.6.2	STR_28138	0.17	X	1658638	0.14	2	0.58	Moderate LD
B0035.10.1	STR_20187	0.47	IV	8009711	0.55	2	0.59	Moderate LD
B0035.10.1	STR_24349	0.31	V	7820031	0.35	2	0.76	High LD
B0035.10.1	STR_26419	0.21	V	18849905	0.29	2	0.45	Moderate LD
B0035.12.2	STR_8262	0.14	II	9332768	0.18	2	0.84	High LD
B0041.7.1	STR_20521	0.01	IV	15202700	0.19	3	0.38	Moderate LD
B0205.8.1	STR_13287	0.18	III	5795006	0.17	3	0.76	High LD
B0207.5b.1	STR_24917	0.12	V	14444778	0.17	3	0.13	Low LD
B0213.5.1	STR_20924	0.14	IV	16047511	0.18	3	0.23	Low LD
B0213.5.1	STR_24029	0.14	V	7317606	0.17	2	0.57	Moderate LD
B0238.15.1	STR_24534	0.05	V	10412590	0.25	3	0.59	Moderate LD
B0238.15.1	STR_29307	0.01	X	5067480	0.23	4	0.03	Low LD
B0250.3	STR_23401	0.24	V	5295653	0.16	2	0.33	Moderate LD
B0250.3	STR_6566	0.21	II	473231	0.18	2	0.22	Low LD
B0273.3.1	STR_49	0.29	I	7565	0.29	2	0.98	High LD
B0280.2.1	STR_9692	0.1	II	13519520	0.19	3	0.34	Moderate LD
B0285.7.1	STR_22478	0.13	V	3004240	0.22	2	0.37	Moderate LD
B0304.6.1	STR_7356	0.14	II	5795371	0.15	2	0.47	Moderate LD
B0331.1.1	STR_18305	0.15	IV	4665571	0.15	2	0.97	High LD
B0336.1a.2	STR_13348	0.17	III	7305440	0.18	2	0.17	Low LD
B0344.1	STR_4689	0.18	I	12769876	0.16	2	0.61	Moderate LD
B0391.10	STR_27688	0.13	X	1926647	0.33	3	0.54	Moderate LD
B0393.5.1	STR_24917	0.09	V	14649731	0.15	3	0.18	Low LD
B0416.4.1	STR_29168	0.22	X	7116370	0.23	2	0.82	High LD
B0462.3.1	STR_27146	0.32	V	20443591	0.34	2	0.9	High LD
B0462.3.1	STR_7601	0.15	II	5586326	0.2	2	0.77	High LD
B0523.3.2	STR_13240	0.17	III	4676714	0.11	2	0.03	Low LD
B0564.10a.1	STR_28832	0.12	X	4793981	0.18	3	0.45	Moderate LD
C01A2.3.2	STR_25061	0.13	V	14645553	0.16	3	0.55	Moderate LD
C01A2.3.2	STR_3734	0.17	I	11250635	0.19	2	0.42	Moderate LD
C01G12.12	STR_29761	0.22	X	9162358	0.22	2	1	High LD
C03B1.14.2	STR_29271	0.54	X	7582162	0.54	2	0.92	High LD
C03D6.4.2	STR_29168	0.15	X	9096669	0.14	2	0.3	Moderate LD
C03E10.5.1	STR_10679	0.18	II	14951586	0.18	2	1	High LD
C03G5.10.1	STR_29307	0.28	X	7070135	0.28	4	0.62	Moderate LD
C03G5.12.1	STR_29149	0.36	X	7136031	0.41	2	0.73	High LD
C03G5.13.1	STR_23295	0.22	V	4944947	0.31	2	0.28	Low LD
C03G5.9.1	STR_24546	0.39	V	10037950	0.34	2	0.59	Moderate LD
C03G5.9.1	STR_9664	0.1	II	13222389	0.3	3	0.08	Low LD
C03G6.15.1	STR_7041	0.22	II	3482859	0.24	2	0.66	Moderate LD
C04C3.7.1	STR_4589	0.22	I	12490467	0.23	2	0.91	High LD
C04F12.9.2	STR_25243	0.16	V	15961042	0.16	2	0.37	Moderate LD
C04F5.7.1	STR_27166	0.14	V	20310717	0.15	2	0.96	High LD
C04G2.10a.1	STR_19488	0.15	IV	11298354	0.11	2	0.57	Moderate LD
C04G2.4.1	STR_24349	0.2	V	7820031	0.25	2	0.76	High LD
C04G2.5.1	STR_19328	0.16	IV	8337815	0.16	2	0.91	High LD
C04G6.6.1	STR_21039	0.09	IV	15954619	0.22	3	0.62	Moderate LD
C05C8.9b.2	STR_13099	0.16	III	5449286	0.2	2	0.68	Moderate LD
C05D11.11a.2	STR_30224	0.23	X	11847730	0.2	3	0.74	High LD
C05D12.5.1	STR_18270	0.16	IV	10931703	0.14	2	0.44	Moderate LD
C05D9.9a.1	STR_20924	0.02	IV	16047511	0.16	3	0.21	Low LD
C05E11.1b.1	STR_19743	0.14	IV	13110416	0.13	2	0.49	Moderate LD
C05E11.3b.1	STR_2242	0.25	I	3689285	0.23	2	0.95	High LD
C05E11.3b.1	STR_9973	0.15	II	13493538	0.28	2	0.43	Moderate LD
C06C3.4.1	STR_20924	0.07	IV	15323768	0.15	3	0.32	Moderate LD
C06C3.7.1	STR_18270	0.21	IV	4396037	0.18	2	0.91	High LD
C06C3.9	STR_7817	0.29	II	7355693	0.29	2	0.93	High LD
C06E4.3.1	STR_18956	0.03	IV	4267111	0.21	3	0.17	Low LD
C06E7.4a.2	STR_24546	0.13	V	14447671	0.14	2	0.22	Low LD
C06G3.7b.1	STR_18068	0.13	IV	4018615	0.13	2	0.87	High LD
C07A9.3c.1	STR_7699	0.18	II	6775816	0.19	2	0.9	High LD
C07A9.7b.1	STR_13399	0.23	III	8663705	0.24	2	0.2	Low LD
C07D8.2	STR_6061	0.16	II	2208261	0.22	2	0.48	Moderate LD
C07G1.7.1	STR_12801	0.25	III	4963420	0.25	2	0.59	Moderate LD
C07H6.2.1	STR_13901	0.12	III	9993012	0.14	3	0.22	Low LD
C07H6.7.1	STR_24897	0.16	V	13728639	0.14	2	0.54	Moderate LD
C08A9.10.2	STR_31433	0.19	X	15514168	0.32	3	0.2	Low LD
C08E3.11	STR_10238	0.38	II	13907987	0.45	2	0.85	High LD
C08E3.11	STR_24546	0.24	V	14652952	0.24	2	0.42	Moderate LD
C08E3.11	STR_28966	0.3	X	5067480	0.36	2	0.82	High LD
C08E3.11	STR_4989	0.23	I	13355703	0.45	3	0.47	Moderate LD
C08E3.12.1	STR_10238	0.29	II	13907987	0.35	2	0.82	High LD
C08E3.12.1	STR_4840	0.3	I	13171417	0.41	2	0.51	Moderate LD
C08F1.10.1	STR_9689	0.24	II	13339660	0.24	2	0.73	High LD
C08F1.1	STR_24994	0.1	V	15896217	0.46	3	0.2	Low LD
C08F1.1	STR_5203	0.33	I	14187420	0.46	2	0.59	Moderate LD
C08F8.15.1	STR_19067	0.17	IV	7858491	0.18	2	0.71	High LD
C08F8.2b.1	STR_24899	0.13	V	14654518	0.14	2	0.44	Moderate LD
C08F8.4c.1	STR_27108	0.1	V	20198383	0.15	3	0.28	Low LD
C08G5.3b	STR_27108	0.15	V	20001672	0.25	3	0.25	Low LD
C09E7.11.1	STR_18474	0.14	IV	7951703	0.17	2	0.43	Moderate LD
C09E8.3.1	STR_24917	0.12	V	14649731	0.22	3	0.17	Low LD
C09E9.1d.1	STR_11851	0.18	III	2337028	0.25	2	0.1	Low LD
C09E9.1d.1	STR_24917	0.19	V	13722936	0.25	3	0.26	Low LD
C09F9.2.2	STR_9664	0.09	II	13273993	0.24	3	0.1	Low LD
C09G5.6.2	STR_24917	0.12	V	14649731	0.21	3	0.18	Low LD
C09G9.1c.1	STR_499	0.13	I	345372	0.16	2	0.59	Moderate LD
C10E2.5.1	STR_30355	0.04	X	12469798	0.22	3	0.12	Low LD
C10E2.5.2	STR_30308	0.31	X	12537311	0.31	2	0.13	Low LD
C10G11.6b.1	STR_25066	0.15	V	14654518	0.17	2	0.45	Moderate LD
C11G6.4a.2	STR_25066	0.13	V	14649731	0.15	2	0.43	Moderate LD
C11H1.7a.1	STR_5233	0.15	I	14109069	0.14	2	0.86	High LD
C12C8.1.1	STR_12915	0.04	III	3353294	0.25	5	0.04	Low LD
C12C8.1.1	STR_17754	0.17	IV	2212564	0.28	2	0.38	Moderate LD
C12C8.1.1	STR_23050	0.07	V	4148393	0.27	3	0.41	Moderate LD
C12C8.1.1	STR_27947	0.26	X	2503060	0.29	2	0.72	High LD
C14A4.14.1	STR_8244	0.19	II	9189408	0.19	2	1	High LD
C14A4.3.2	STR_9389	0.14	II	12716738	0.16	2	0.52	Moderate LD
C14A4.9.1	STR_21039	0.11	IV	16047511	0.18	3	0.06	Low LD
C14C11.8b.1	STR_24917	0.12	V	14654518	0.18	3	0.18	Low LD
C14C6.8.1	STR_10503	0.23	II	14906775	0.25	2	0.21	Low LD
C14F11.1.2	STR_29460	0.27	X	7247200	0.25	2	0.53	Moderate LD
C14F11.6.1	STR_20924	0.08	IV	16047511	0.17	3	0.21	Low LD
C14F5.3c.2	STR_24190	0.21	V	13589743	0.21	2	0.2	Low LD
C14F5.3c.2	STR_26740	0.08	V	19691145	0.25	3	0.07	Low LD
C14F5.3c.2	STR_5603	0.21	I	14721419	0.29	2	0.8	High LD
C15H9.1.1	STR_29911	0.16	X	5088756	0.33	2	0.17	Low LD
C16A11.2a.2	STR_6767	0.17	II	2968520	0.19	3	0.32	Moderate LD
C16A11.4a.2	STR_7265	0.19	II	2471333	0.14	2	0.32	Moderate LD
C16A11.6.2	STR_20542	0.11	IV	14495906	0.16	3	0.7	High LD
C16A11.9.1	STR_21539	0.26	IV	16605403	0.29	2	0.71	High LD
C16C4.4b.1	STR_6004	0.36	II	831616	0.49	2	0.68	Moderate LD
C16C4.6.1	STR_30477	0.24	X	12636855	0.24	2	0.21	Low LD
C16C4.9	STR_16668	0.25	IV	12849163	0.42	2	0.33	Moderate LD
C16C4.9	STR_24850	0.14	V	13762996	0.26	3	0.43	Moderate LD
C16C4.9	STR_30491	0.4	X	11378563	0.34	2	0.73	High LD
C16C8.20.1	STR_20761	0.32	IV	14669711	0.3	3	0.83	High LD
C16C8.22.1	STR_27108	0.14	V	20410593	0.13	3	0.24	Low LD
C17C3.12c.2	STR_19603	0.04	IV	13393497	0.25	3	0.3	Moderate LD
C17C3.12e.1	STR_19200	0.11	IV	13319119	0.23	3	0.13	Low LD
C17C3.12e.1	STR_24132	0.18	V	9207551	0.2	2	0.82	High LD
C17C3.15.1	STR_27108	0.1	V	20410593	0.15	3	0.24	Low LD
C17C3.1a.1	STR_27	0.15	I	345372	0.21	2	0.37	Moderate LD
C17C3.5.1	STR_7890	0.16	II	6963089	0.18	2	0.91	High LD
C17G10.9e.1	STR_6980	0.15	II	3642002	0.14	2	0.66	Moderate LD
C18B2.4.2	STR_25066	0.14	V	14654518	0.15	2	0.45	Moderate LD
C18D4.6a.1	STR_19162	0.2	IV	4956803	0.25	2	0.23	Low LD
C18H2.2	STR_18094	0.22	IV	4259608	0.26	2	0.58	Moderate LD
C23H3.1a.2	STR_30670	0.15	X	13804002	0.16	2	0.84	High LD
C23H3.4a.1	STR_10724	0.16	II	14583673	0.16	2	1	High LD
C23H3.4a.1	STR_25143	0.15	V	14652952	0.18	2	0.7	High LD
C23H3.4a.1	STR_27438	0.11	X	1479451	0.18	3	0.1	Low LD
C23H3.9a.1	STR_24724	0.16	V	14649731	0.15	2	0.38	Moderate LD
C23H3.9d.2	STR_29060	0.17	X	6526258	0.23	2	0.82	High LD
C24A8.4.2	STR_19772	0.16	IV	9026757	0.08	2	0.08	Low LD
C24G7.2.1	STR_25066	0.13	V	14649731	0.18	2	0.43	Moderate LD
C24H10.4.1	STR_21314	0.18	IV	16155450	0.27	2	0.72	High LD
C24H10.4.1	STR_29315	0.2	X	7896461	0.22	2	0.7	High LD
C24H11.2.1	STR_27108	0.13	V	20001672	0.28	3	0.25	Low LD
C25D7.4a.1	STR_24544	0.19	V	11673838	0.21	2	0.89	High LD
C25D7.8.1	STR_12860	0.17	III	4482501	0.14	3	0.54	Moderate LD
C25H3.14.1	STR_8184	0.18	II	8795806	0.18	2	0.92	High LD
C25H3.6a.1	STR_8244	0.26	II	9189408	0.26	2	1	High LD
C26B2.7a.1	STR_13527	0.25	III	5429464	0.26	2	0.78	High LD
C26C6.5b.1	STR_3756	0.16	I	10117295	0.17	2	0.9	High LD
C26E6.7a.1	STR_13206	0.15	III	7362463	0.16	2	0.94	High LD
C26E6.7b.1	STR_13206	0.29	III	9541373	0.29	2	0.83	High LD
C26E6.7c.1	STR_13206	0.43	III	6865201	0.45	2	0.97	High LD
C26E6.7d.1	STR_12836	0.2	III	6938050	0.22	2	0.88	High LD
C26F1.7b.1	STR_23867	0.21	V	3920162	0.19	2	0.13	Low LD
C27A7.5d.1	STR_24546	0.15	V	10037950	0.19	2	0.59	Moderate LD
C27A7.6c.1	STR_24349	0.18	V	4333001	0.21	2	0.47	Moderate LD
C27A7.6c.1	STR_29077	0.2	X	6697014	0.2	2	0.75	High LD
C27A7.6d.1	STR_28776	0.13	X	5392032	0.11	2	0.91	High LD
C27D8.4.1	STR_24190	0.14	V	9426848	0.13	2	0.82	High LD
C28D4.5.1	STR_19328	0.18	IV	8337815	0.17	2	0.91	High LD
C28H8.4.2	STR_8362	0.14	II	8279434	0.16	2	0.81	High LD
C30E1.4.1	STR_30260	0.22	X	12018387	0.22	2	0.53	Moderate LD
C30G12.2.1	STR_24622	0.14	V	12270528	0.14	2	0.28	Low LD
C32B5.13.1	STR_17762	0.12	IV	4282387	0.28	3	0.01	Low LD
C32B5.1b.1	STR_5852	0.46	II	3564964	0.45	2	0.65	Moderate LD
C32H11.13.1	STR_26842	0.14	V	18108540	0.22	2	0.25	Low LD
C32H11.5.1	STR_20924	0.06	IV	16047511	0.16	3	0.21	Low LD
C33D9.2.1	STR_29034	0.29	X	7257582	0.17	2	0.16	Low LD
C33E10.3	STR_31326	0.26	X	15765032	0.3	2	0.48	Moderate LD
C33F10.13.1	STR_19264	0.15	IV	7858491	0.14	2	0.64	Moderate LD
C33G8.3.1	STR_23050	0.01	V	4415549	0.22	3	0.45	Moderate LD
C34D10.1.2	STR_9664	0.05	II	13265642	0.18	3	0.11	Low LD
C34D4.3.2	STR_23050	0.06	V	4390262	0.21	3	0.59	Moderate LD
C34F6.9.1	STR_30551	0.01	X	13070113	0.11	4	0.14	Low LD
C35B1.1.2	STR_18597	0.18	IV	5553943	0.21	2	0.49	Moderate LD
C35B1.5.2	STR_20187	0.2	IV	10645731	0.25	2	0.54	Moderate LD
C35C5.10b.1	STR_30059	0.18	X	12678590	0.15	2	0.35	Moderate LD
C36A4.1.1	STR_6989	0.15	II	4576260	0.18	2	0.27	Low LD
C36A4.12	STR_3904	0.59	I	10702236	0.6	2	0.9	High LD
C37C3.6a.1	STR_18092	0.06	IV	4308862	0.17	3	0.24	Low LD
C37C3.6a.1	STR_24132	0.17	V	12397073	0.25	2	0.38	Moderate LD
C37E2.4.1	STR_23050	0.03	V	4415549	0.2	3	0.45	Moderate LD
C38C6.6.2	STR_24899	0.14	V	14649731	0.21	2	0.51	Moderate LD
C38D4.10.1	STR_14206	0.24	III	10433216	0.25	2	0.94	High LD
C38D4.3.2	STR_30016	0.13	X	12575289	0.12	2	0.08	Low LD
C38D9.2.1	STR_18305	0.2	IV	3317382	0.03	2	0.18	Low LD
C39B10.3.1	STR_29911	0.24	X	11606759	0.22	2	0.43	Moderate LD
C39B5.10.1	STR_5361	0.6	I	14307332	0.88	3	0.36	Moderate LD
C39B5.2.2	STR_13399	0.16	III	7315694	0.15	2	0.18	Low LD
C40A11.3.1	STR_24921	0.32	V	14068470	0.32	2	1	High LD
C42C1.4a.1	STR_20085	0.27	IV	10931703	0.24	2	0.65	Moderate LD
C43G2.5a.1	STR_8233	0.16	II	9243856	0.18	2	0.6	Moderate LD
C44B11.6.1	STR_9973	0.25	II	14242669	0.26	2	0.2	Low LD
C44B7.2a.1	STR_8592	0.18	II	10685640	0.18	2	1	High LD
C44B7.2a.1	STR_9961	0.12	II	13557834	0.18	3	0.16	Low LD
C44F1.3.1	STR_25177	0.16	V	15881683	0.15	2	0.32	Moderate LD
C44H4.2.1	STR_9664	0.12	II	13265642	0.29	3	0.11	Low LD
C45B2.8.1	STR_25066	0.13	V	14654518	0.16	2	0.45	Moderate LD
C45H4.14b.1	STR_12227	0.15	III	3129299	0.15	2	1	High LD
C46A5.3b.1	STR_24899	0.13	V	14649731	0.18	2	0.51	Moderate LD
C46A5.8.1	STR_21579	0.01	IV	15382854	0.25	4	0.2	Low LD
C46C11.4.1	STR_19475	0.15	IV	12635109	0.14	2	0.22	Low LD
C46C2.3.1	STR_24022	0.1	V	12391298	0.24	3	0.23	Low LD
C46C2.7.1	STR_28147	0.19	X	5067480	0.14	3	0.04	Low LD
C46G7.4b.1	STR_19214	0.22	IV	7428170	0.18	2	0.4	Moderate LD
C46H11.8.1	STR_24917	0.11	V	13722936	0.12	3	0.24	Low LD
C47C12.3a.1	STR_23050	0.04	V	4415549	0.23	3	0.45	Moderate LD
C47C12.4	STR_2040	0.26	I	3524078	0.24	2	0.4	Moderate LD
C47E8.7.2	STR_3734	0.32	I	11381435	0.33	2	0.39	Moderate LD
C47G2.3.1	STR_25066	0.13	V	14696659	0.15	2	0.53	Moderate LD
C48D1.7	STR_20187	0.31	IV	10962520	0.28	2	0.92	High LD
C48D1.7	STR_24546	0.17	V	13571248	0.22	2	0.31	Moderate LD
C48D1.7	STR_28596	0.2	X	3893981	0.2	2	0.54	Moderate LD
C49C3.8a.1	STR_21320	0.18	IV	16221134	0.2	2	0.74	High LD
C49G7.13.1	STR_499	0.3	I	2733130	0.47	2	0.43	Moderate LD
C49G7.4.1	STR_499	0.34	I	1105334	0.4	2	0.68	Moderate LD
C49G7.7.2	STR_19397	0.14	IV	6539887	0.16	2	0.56	Moderate LD
C50E10.2c.1	STR_7041	0.16	II	4494212	0.18	2	0.83	High LD
C50E3.12.2	STR_30580	0.19	X	13516932	0.21	2	0.93	High LD
C50F2.6a.2	STR_24917	0.06	V	14444778	0.16	3	0.13	Low LD
C50F2.9.1	STR_29499	0.16	X	8752693	0.13	2	0.63	Moderate LD
C54C6.2.1	STR_25579	0.14	V	17029962	0.25	2	0.38	Moderate LD
C54C6.2.1	STR_8392	0.01	II	9695013	0.21	3	0.04	Low LD
C54G7.3a.1	STR_24917	0.08	V	14649731	0.16	3	0.18	Low LD
C55A6.1.2	STR_29599	0.13	X	6526258	0.14	2	0.54	Moderate LD
C55B7.4a.2	STR_27947	0.13	X	2273035	0.14	2	0.93	High LD
C55B7.4b.1	STR_27947	0.18	X	2273035	0.17	2	0.93	High LD
C56A3.10	STR_24850	0.37	V	14689759	0.17	2	0.19	Low LD
C56A3.9	STR_25088	0.06	V	14773604	0.4	3	0.55	Moderate LD
C56G2.3.1	STR_27947	0.15	X	2209898	0.15	2	0.78	High LD
CC8.2a.2	STR_23050	0.06	V	4148393	0.14	3	0.41	Moderate LD
CE7X_3.1	STR_4927	0.24	I	13410898	0.28	2	0.92	High LD
CE7X_3.2	STR_27637	0.4	X	1334379	0.37	2	0.84	High LD
D1014.3b.1	STR_10204	0.16	II	14016247	0.22	2	0.76	High LD
D1014.3b.1	STR_20187	0.18	IV	13055128	0.19	2	0.59	Moderate LD
D1014.3b.1	STR_24546	0.25	V	10844287	0.33	2	0.74	High LD
D1014.3b.1	STR_29599	0.23	X	5067480	0.29	2	0.42	Moderate LD
D1014.3b.2	STR_10204	0.13	II	13907987	0.14	2	0.73	High LD
D1014.3b.2	STR_29315	0.17	X	7896461	0.18	2	0.7	High LD
D1025.9.1	STR_30939	0.21	X	15557012	0.16	2	0.09	Low LD
D1044.2b.2	STR_30508	0.07	X	13306943	0.19	3	0.13	Low LD
D1054.9d.1	STR_24917	0.09	V	14654518	0.17	3	0.18	Low LD
D1086.7.1	STR_24900	0.31	V	15169717	0.35	2	0.29	Low LD
D1086.7.1	STR_6767	0.04	II	3978307	0.3	3	0.07	Low LD
D2005.6.1	STR_24899	0.18	V	14649731	0.22	2	0.51	Moderate LD
D2023.5.2	STR_24546	0.29	V	10037950	0.31	2	0.59	Moderate LD
D2024.10	STR_24912	0.15	V	14396609	0.16	2	0.36	Moderate LD
D2085.5c.1	STR_25066	0.15	V	13709420	0.16	2	0.42	Moderate LD
DY3.5.1	STR_24917	0.1	V	14654518	0.15	3	0.18	Low LD
E02H1.3.1	STR_24917	0.11	V	14444778	0.17	3	0.13	Low LD
E04D5.1a.2	STR_8262	0.18	II	8843293	0.18	2	1	High LD
F01E11.1.1	STR_9664	0.09	II	13158734	0.08	3	0.03	Low LD
F01F1.7.1	STR_13233	0.22	III	8079796	0.22	2	0.5	Moderate LD
F01G4.3.1	STR_20187	0.18	IV	12233805	0.18	2	0.39	Moderate LD
F01G4.3.2	STR_20187	0.36	IV	9183820	0.39	2	0.59	Moderate LD
F01G4.3.2	STR_24546	0.22	V	8285021	0.31	2	0.59	Moderate LD
F07B7.11.1	STR_6418	0.03	II	209512	0.26	3	0.22	Low LD
F07B7.1.1	STR_25432	0.1	V	17029962	0.14	3	0.07	Low LD
F07B7.4.1	STR_6418	0.03	II	209512	0.26	3	0.22	Low LD
F07C3.17	STR_18157	0.15	IV	4026629	0.16	2	0.72	High LD
F07F6.7.2	STR_8738	0.14	II	11279813	0.16	2	0.78	High LD
F07G6.7.1	STR_10930	0.15	III	763976	0.18	2	0.76	High LD
F08B1.1e.1	STR_25066	0.14	V	14650622	0.14	2	0.59	Moderate LD
F08B4.1a.1	STR_20187	0.13	IV	12626534	0.2	2	0.59	Moderate LD
F08B4.1a.1	STR_24333	0.15	V	10037950	0.17	2	0.43	Moderate LD
F08B4.1a.1	STR_29077	0.18	X	9484805	0.19	2	0.45	Moderate LD
F08B4.2a.1	STR_24910	0.15	V	14447671	0.22	3	0.44	Moderate LD
F08B4.2a.1	STR_29060	0.29	X	5442400	0.28	2	0.4	Moderate LD
F08B4.2c.1	STR_24456	0.18	V	14690552	0.11	2	0.04	Low LD
F08B4.2c.1	STR_29060	0.25	X	7898062	0.29	2	0.56	Moderate LD
F08C6.4a.1	STR_29142	0.18	X	6298569	0.17	2	0.94	High LD
F08F8.10a.1	STR_17168	0.19	IV	2306315	0.11	2	0.83	High LD
F08H9.8.1	STR_24958	0.32	V	13358530	0.33	2	0.72	High LD
F08H9.9.2	STR_25072	0.21	V	13411831	0.2	2	0.58	Moderate LD
F09B12.1a.1	STR_24917	0.12	V	14649731	0.17	3	0.18	Low LD
F09B12.1b.2	STR_24917	0.09	V	14649731	0.19	3	0.18	Low LD
F09E5.9	STR_15982	0.19	III	13280214	0.17	2	0.83	High LD
F09E8.6.1	STR_24546	0.14	V	12294693	0.16	2	0.83	High LD
F09E8.6.1	STR_29060	0.15	X	6526258	0.23	2	0.82	High LD
F09G8.2.1	STR_8184	0.13	II	7284002	0.17	2	0.08	Low LD
F09G8.5.1	STR_23892	0.25	V	4375888	0.27	2	0.2	Low LD
F09G8.5.1	STR_499	0.14	I	1207814	0.23	2	0.59	Moderate LD
F10D2.8a.1	STR_23751	0.37	V	6127661	0.36	2	0.77	High LD
F10D2.8b.1	STR_6566	0.18	II	2476363	0.01	2	0	Low LD
F10D7.5c.1	STR_20924	0.07	IV	12844121	0.09	3	0.06	Low LD
F10E9.6c.1	STR_13206	0.2	III	9479950	0.22	2	0.57	Moderate LD
F10F2.1b.1	STR_4395	0.21	I	11613981	0.25	2	0.63	Moderate LD
F10F2.9.1	STR_24917	0.11	V	14649731	0.19	3	0.18	Low LD
F10G7.2.1	STR_7829	0.35	II	6854401	0.35	2	1	High LD
F10G7.6	STR_7041	0.29	II	6837659	0.29	2	0.74	High LD
F11A10.4b.1	STR_19387	0.3	IV	10931703	0.34	3	0.96	High LD
F11A10.7.1	STR_19743	0.15	IV	11064615	0.17	2	0.83	High LD
F11C1.6a.1	STR_19376	0.21	IV	11215804	0.24	2	0.72	High LD
F11C3.2.1	STR_25066	0.13	V	14654518	0.15	2	0.45	Moderate LD
F11G11.12.1	STR_25066	0.13	V	14654518	0.15	2	0.45	Moderate LD
F12A10.2	STR_14064	0.14	III	9880014	0.14	2	1	High LD
F13B6.3.1	STR_30214	0.17	X	12018387	0.17	2	1	High LD
F13D12.2a.1	STR_12424	0.18	III	3595800	0.18	2	1	High LD
F13G3.7b.1	STR_7637	0	II	6049853	0.17	3	0.06	Low LD
F14B8.5a.1	STR_10204	0.16	II	14139853	0.2	2	0.61	Moderate LD
F14B8.5a.1	STR_24625	0.21	V	10844287	0.17	2	0.46	Moderate LD
F14B8.5a.2	STR_19499	0.15	IV	10065783	0.15	2	0.7	High LD
F14D2.12.1	STR_7048	0.44	II	2332234	0.46	2	0.32	Moderate LD
F14D7.10.1	STR_24991	0.3	V	12713560	0.21	2	0.57	Moderate LD
F14E5.2a.2	STR_8269	0.33	II	9955578	0.38	3	0.28	Low LD
F14F11.1a.2	STR_30419	0.21	X	12469798	0.21	2	0.69	Moderate LD
F14H3.15.1	STR_4093	0.36	I	11250635	0.42	2	0.19	Low LD
F14H3.3.2	STR_6569	0.14	II	4023780	0.25	2	0.14	Low LD
F15A4.13.1	STR_19067	0.17	IV	7858491	0.19	2	0.71	High LD
F15B9.10b.1	STR_28531	0.3	X	6358428	0.23	2	0.63	Moderate LD
F15D4.5.1	STR_18355	0.17	IV	4035975	0.14	2	0.29	Low LD
F15E6.3.1	STR_27947	0.17	X	2209898	0.15	2	0.78	High LD
F17B5.1a.1	STR_24097	0.13	V	12294693	0.18	2	0.42	Moderate LD
F17B5.1a.1	STR_29013	0.17	X	6895081	0.18	2	0.59	Moderate LD
F18A1.3b.1	STR_8262	0.14	II	8843293	0.14	2	1	High LD
F18A1.6a.1	STR_29441	0.14	X	10004340	0.15	2	0.59	Moderate LD
F18A1.6a.1	STR_31658	0.14	X	15599262	0.15	2	0.43	Moderate LD
F18C5.4.1	STR_19328	0.14	IV	8337815	0.13	2	0.91	High LD
F19F10.11a.2	STR_29622	0.18	X	7302837	0.09	2	0.06	Low LD
F19G12.8.1	STR_22002	0.02	V	666575	0.2	3	0.29	Low LD
F19G12.9a.1	STR_2447	0.17	I	4696683	0.21	2	0.3	Moderate LD
F20A1.7b.1	STR_24917	0.16	V	14444778	0.14	3	0.13	Low LD
F20C5.1i.1	STR_4024	0.19	I	10826462	0.13	2	0.34	Moderate LD
F20C5.1i.1	STR_499	0.15	I	345372	0.2	2	0.59	Moderate LD
F20C5.5.1	STR_19851	0.22	IV	10645731	0.25	2	0.51	Moderate LD
F20C5.5.1	STR_24546	0.18	V	10864889	0.17	2	0.92	High LD
F20C5.5.1	STR_29013	0.24	X	6526258	0.21	2	0.59	Moderate LD
F20D6.1.1	STR_29315	0.17	X	7116370	0.19	2	0.53	Moderate LD
F21C10.10.1	STR_8244	0.18	II	9189408	0.18	2	1	High LD
F21C10.9.2	STR_25987	0.13	V	18329989	0.17	2	0.77	High LD
F21D9.2.1	STR_23050	0.03	V	4390262	0.17	3	0.5	Moderate LD
F21D9.2.1	STR_27916	0.18	X	2228574	0.21	3	0.38	Moderate LD
F22A3.1b.1	STR_24899	0.17	V	14649731	0.23	2	0.51	Moderate LD
F22A3.6a.2	STR_29168	0.22	X	9096669	0.28	2	0.3	Moderate LD
F23B12.6.1	STR_5772	0	II	9780	0.3	3	0.22	Low LD
F23B2.5b.1	STR_20187	0.23	IV	12626534	0.21	2	0.59	Moderate LD
F23D12.3.1	STR_17762	0.12	IV	3769717	0.16	3	0.05	Low LD
F23F12.12.1	STR_13348	0.24	III	7641044	0.25	2	0.22	Low LD
F23F1.8b.1	STR_5803	0.15	II	1083817	0.12	2	0.33	Moderate LD
F23H12.4a.1	STR_24899	0.13	V	14649731	0.18	2	0.51	Moderate LD
F23H12.4b.1	STR_24899	0.15	V	14649731	0.2	2	0.51	Moderate LD
F25B5.7d.1	STR_12829	0.17	III	4911111	0.22	2	0.65	Moderate LD
F25C8.3e.1	STR_25066	0.13	V	14649731	0.15	2	0.43	Moderate LD
F25E2.5i.1	STR_27633	0.13	X	1899202	0.16	2	0.59	Moderate LD
F25E5.2.2	STR_24917	0.08	V	14444778	0.17	3	0.12	Low LD
F25E5.4.1	STR_18305	0.17	IV	3769717	0.24	2	0.09	Low LD
F25E5.4.1	STR_25061	0.17	V	13718280	0.21	3	0.31	Moderate LD
F25E5.4.1	STR_27945	0.23	X	2273035	0.21	2	0.77	High LD
F25E5.4.1	STR_80	0.09	I	345372	0.18	3	0.1	Low LD
F25H5.3a.1	STR_30425	0.14	X	12845828	0.15	2	0.91	High LD
F25H5.3e.1	STR_17168	0.19	IV	2436305	0.2	2	0.64	Moderate LD
F25H8.1a.2	STR_19743	0.15	IV	10940663	0.2	2	0.73	High LD
F25H8.1a.2	STR_24899	0.18	V	14649731	0.21	2	0.51	Moderate LD
F25H8.6.2	STR_24917	0.1	V	14654518	0.14	3	0.18	Low LD
F26A10.2.1	STR_24917	0.11	V	14447671	0.16	3	0.13	Low LD
F26A1.9.2	STR_20924	0.11	IV	14412461	0.1	3	0.19	Low LD
F26F4.9a.1	STR_12423	0.18	III	3486613	0.2	2	0.88	High LD
F26G1.6b.1	STR_24917	0.1	V	14654518	0.17	3	0.18	Low LD
F27B3.6.1	STR_18270	0.22	IV	5427650	0.29	2	0.48	Moderate LD
F28B3.4d.1	STR_9132	0	II	12132844	0.27	3	0.05	Low LD
F28B3.9.2	STR_25066	0.17	V	14645499	0.18	2	0.48	Moderate LD
F28B4.1.1	STR_21150	0.17	IV	15999374	0.14	2	0.21	Low LD
F28C6.5.1	STR_20924	0.04	IV	16047511	0.15	3	0.21	Low LD
F28F8.9c.1	STR_27424	0.22	X	340119	0.22	2	0.94	High LD
F28G4.1.1	STR_21039	0.05	IV	16549015	0.21	3	0.07	Low LD
F28G4.1.1	STR_5603	0.34	I	13463537	0.41	2	0.54	Moderate LD
F28G4.5	STR_21039	0.1	IV	15068097	0.13	3	0.07	Low LD
F29B9.2b.1	STR_20933	0.13	IV	16027005	0.15	2	0.47	Moderate LD
F29B9.2c.1	STR_499	0.14	I	1207814	0.16	2	0.59	Moderate LD
F29B9.9a.1	STR_24724	0.19	V	14649731	0.19	2	0.38	Moderate LD
F29B9.9b.1	STR_24899	0.18	V	14447671	0.17	2	0.63	Moderate LD
F29C12.1b.1	STR_10490	0.14	II	14555009	0.12	2	0.43	Moderate LD
F29C12.1b.1	STR_24917	0.13	V	14654518	0.18	3	0.18	Low LD
F29C12.5.1	STR_21063	0.2	IV	16847755	0.14	2	0.02	Low LD
F29F11.6.2	STR_29599	0.56	X	8249407	0.56	2	0.91	High LD
F30H5.3.1	STR_24917	0.11	V	14649731	0.17	3	0.18	Low LD
F31B9.8	STR_13253	0.43	III	6563694	0.43	2	1	High LD
F32D1.11.1	STR_9664	0.08	II	13265642	0.28	3	0.11	Low LD
F32D1.3a.1	STR_80	0.14	I	1200305	0.38	3	0.11	Low LD
F32E10.2.1	STR_21150	0.31	IV	16418378	0.28	2	0.8	High LD
F33D4.6c.2	STR_24917	0.11	V	14645553	0.11	3	0.08	Low LD
F33H2.6.2	STR_27945	0.3	X	2299291	0.43	2	0.62	Moderate LD
F33H2.7.2	STR_20555	0.16	IV	15072197	0.2	2	0.89	High LD
F33H2.8a.1	STR_9664	0.08	II	13273993	0.22	3	0.1	Low LD
F35C12.3.1	STR_20924	0.04	IV	16027005	0.18	3	0.18	Low LD
F35E12.4	STR_24850	0.17	V	18866071	0.2	2	0.66	Moderate LD
F35E12.4	STR_5296	0.15	I	14721419	0.22	2	0.53	Moderate LD
F35E12.5.1	STR_28519	0.49	X	5038019	0.19	3	0.08	Low LD
F35E12.9a.1	STR_4989	0.21	I	12771585	0.01	3	0.01	Low LD
F36D3.1.1	STR_19200	0.26	IV	6232856	0.52	3	0.18	Low LD
F36H12.8.1	STR_19328	0.16	IV	6539887	0.19	2	0.63	Moderate LD
F36H1.2b.1	STR_19707	0.15	IV	9788227	0.15	2	0.42	Moderate LD
F36H2.3c.1	STR_24705	0.15	V	14649731	0.14	2	0.27	Low LD
F36H2.6.1	STR_27108	0.13	V	20001672	0.14	3	0.25	Low LD
F36H5.13.1	STR_19707	0.2	IV	10940933	0.23	2	0.78	High LD
F37B12.3.2	STR_9101	0.03	II	12172574	0.12	3	0.62	Moderate LD
F37C12.1.2	STR_13811	0.13	III	8920680	0.16	2	0.34	Moderate LD
F39E9.2.1	STR_17762	0.17	IV	3144860	0.28	3	0.08	Low LD
F39H12.1.1	STR_28051	0.15	X	2172763	0.16	2	0.9	High LD
F39H12.4.1	STR_18736	0.18	IV	6171634	0.18	2	0.75	High LD
F39H12.4.1	STR_499	0.14	I	1200305	0.2	2	0.54	Moderate LD
F39H12.4.2	STR_9664	0.1	II	13273993	0.22	3	0.1	Low LD
F40B1.1.1	STR_12754	0.14	III	5030815	0.15	2	0.48	Moderate LD
F40B5.1	STR_23489	0.26	V	4697627	0.27	2	0.18	Low LD
F40D4.17.2	STR_27108	0.36	V	20198383	0.66	3	0.37	Moderate LD
F40F12.5a.1	STR_13633	0.15	III	12016135	0.13	2	0.14	Low LD
F40F8.5a.2	STR_25278	0.15	V	15310752	0.22	3	0.24	Low LD
F40F9.10.1	STR_10679	0.15	II	14485466	0.16	2	0.82	High LD
F40F9.10.1	STR_29060	0.16	X	6526258	0.21	2	0.82	High LD
F40F9.1a.1	STR_24190	0.4	V	11516185	0.4	2	0.56	Moderate LD
F40F9.1a.1	STR_26419	0.15	V	19068849	0.25	2	0.54	Moderate LD
F40F9.1a.1	STR_29599	0.42	X	8249407	0.42	2	0.91	High LD
F40G9.1.1	STR_19499	0.15	IV	12233805	0.16	2	0.61	Moderate LD
F41B5.1.1	STR_20698	0.01	IV	15102305	0.27	3	0.64	Moderate LD
F41C6.5.2	STR_10490	0.15	II	14258126	0.12	2	0.39	Moderate LD
F41C6.5.2	STR_24917	0.1	V	14649731	0.18	3	0.18	Low LD
F41D9.3c.1	STR_17168	0.2	IV	2143869	0.2	2	0.72	High LD
F41E6.11.1	STR_24917	0.1	V	14444778	0.14	3	0.13	Low LD
F42A9.6c.1	STR_19200	0.25	IV	10931703	0.26	3	0.67	Moderate LD
F42E11.1a.1	STR_18708	0.31	IV	5433699	0.35	2	0.78	High LD
F42G2.4.1	STR_6613	0.29	II	3636951	0.36	2	0.41	Moderate LD
F42G8.7b.1	STR_27108	0.14	V	20101488	0.12	3	0.3	Moderate LD
F42G9.2.2	STR_25066	0.13	V	14649731	0.15	2	0.43	Moderate LD
F42G9.5a.1	STR_11034	0.2	III	1791758	0.18	3	0.21	Low LD
F43C1.1.1	STR_29060	0.16	X	6895081	0.2	2	0.66	Moderate LD
F43D2.1.1	STR_3734	0.36	I	11189405	0.38	2	0.34	Moderate LD
F44D12.3.1	STR_23401	0.15	V	4415549	0.17	2	0.43	Moderate LD
F44D12.7.1	STR_19365	0.19	IV	8752110	0.17	2	0.9	High LD
F44E5.4.1	STR_19328	0.31	IV	9092582	0.31	2	1	High LD
F44E5.4.1	STR_939	0.15	I	2018645	0.29	2	0.14	Low LD
F44F1.4.1	STR_939	0.15	I	1583981	0.12	2	0.7	High LD
F45B8.3.1	STR_18432	0.15	IV	3769717	0.1	2	0.19	Low LD
F45B8.3.1	STR_24917	0.13	V	14649731	0.21	3	0.18	Low LD
F45D11.13.1	STR_18305	0.16	IV	4544278	0.16	2	1	High LD
F45D11.8	STR_19727	0.37	IV	12140133	0.41	2	0.77	High LD
F45D11.8	STR_22478	0.15	V	2071629	0.26	2	0.53	Moderate LD
F45E4.3c.1	STR_24917	0.09	V	14444778	0.12	3	0.13	Low LD
F45H7.4.2	STR_29608	0.15	X	8740307	0.15	2	0.78	High LD
F46F3.1a.1	STR_19067	0.17	IV	7858491	0.19	2	0.71	High LD
F46F3.1a.1	STR_27447	0.13	X	769345	0.19	2	0.74	High LD
F46F5.2	STR_27108	0.12	V	20001672	0.16	3	0.25	Low LD
F47D12.4b.1	STR_12992	0.47	III	7335426	0.47	2	0.93	High LD
F47E1.4.1	STR_24622	0.21	V	10285793	0.22	2	0.21	Low LD
F47F6.1a.1	STR_24899	0.18	V	14649731	0.23	2	0.51	Moderate LD
F47F6.1e.1	STR_24917	0.08	V	14649731	0.19	3	0.18	Low LD
F48E3.1.1	STR_29436	0.17	X	9270203	0.14	2	0.56	Moderate LD
F48E3.1.2	STR_29157	0.25	X	6380425	0.24	2	0.96	High LD
F48E3.4.1	STR_19328	0.17	IV	8337815	0.16	2	0.91	High LD
F48E3.6.1	STR_19475	0.15	IV	9330791	0.14	2	0.47	Moderate LD
F48F5.5.2	STR_20208	0.22	IV	13242561	0.24	2	0.76	High LD
F48F5.5.2	STR_24899	0.22	V	13728639	0.27	2	0.8	High LD
F48G7.12a.1	STR_15683	0.19	III	12398088	0.26	2	0.6	Moderate LD
F49A5.3.1	STR_25869	0.17	V	17908690	0.22	2	0.06	Low LD
F49C12.8.1	STR_20187	0.15	IV	12723578	0.17	2	0.59	Moderate LD
F49E11.10a.1	STR_18717	0.13	IV	5211221	0.13	2	0.57	Moderate LD
F49E11.6.1	STR_27633	0.23	X	2172763	0.27	2	0.62	Moderate LD
F49E12.6.2	STR_24899	0.15	V	14465971	0.18	2	0.55	Moderate LD
F49E2.5r.1	STR_11016	0.13	III	682143	0.16	2	0.91	High LD
F52B5.7.1	STR_19707	0.16	IV	11215804	0.17	2	0.85	High LD
F52C9.8a.1	STR_13075	0.2	III	6737138	0.16	3	0.31	Moderate LD
F52D1.3b.1	STR_24917	0.1	V	14649731	0.16	3	0.18	Low LD
F52D1.3c.1	STR_24917	0.11	V	14654518	0.19	3	0.18	Low LD
F52D1.3c.1	STR_31128	0.15	X	14460051	0.11	2	0.38	Moderate LD
F52D2.5.1	STR_30836	0.15	X	14415205	0.23	3	0.68	Moderate LD
F52D2.8	STR_11043	0.14	III	1103660	0.17	2	0.27	Low LD
F52E10.1a.1	STR_19743	0.18	IV	10940663	0.18	2	0.73	High LD
F52F10.4a.1	STR_31060	0.16	X	16028044	0.19	2	0.26	Low LD
F52G3.4	STR_19555	0.26	IV	6179627	0.42	2	0.25	Low LD
F52G3.4	STR_22478	0.33	V	2895609	0.2	2	0.21	Low LD
F52G3.4	STR_31819	0.65	X	15713352	0.63	2	0.72	High LD
F52G3.4	STR_6767	0	II	3657397	0.34	3	0.04	Low LD
F52G3.5.1	STR_30355	0.03	X	12628772	0.17	3	0.17	Low LD
F52G3.8.2	STR_27597	0.32	X	1475331	0.33	2	0.58	Moderate LD
F53B2.7	STR_19603	0.23	IV	10645731	0.61	3	0.44	Moderate LD
F53B2.7	STR_24333	0.33	V	5501275	0.41	2	0.68	Moderate LD
F53B2.7	STR_27080	0.28	V	19202418	0.3	2	0.35	Moderate LD
F53B7.2a.1	STR_24625	0.18	V	12294693	0.17	2	0.78	High LD
F53B7.2a.1	STR_29599	0.14	X	6526258	0.14	2	0.54	Moderate LD
F53E4.1a.1	STR_12061	0.19	III	2788089	0.28	2	0.5	Moderate LD
F53E4.1a.2	STR_25066	0.19	V	14649731	0.21	2	0.46	Moderate LD
F53E4.1a.2	STR_5203	0.15	I	12101627	0.17	2	0.29	Low LD
F53F4.2.1	STR_10490	0.14	II	14870791	0.11	2	0.73	High LD
F53F4.8	STR_28531	0.59	X	3893981	0.64	2	0.92	High LD
F53F4.8	STR_5603	0.52	I	13463537	0.56	2	0.54	Moderate LD
F53F4.8	STR_5772	0.03	II	355941	0.4	3	0.27	Low LD
F53F8.7.1	STR_26613	0.23	V	19557398	0.25	2	0.79	High LD
F53H1.1c.1	STR_28197	0.21	X	3345241	0.21	2	0.91	High LD
F54D8.6.2	STR_21039	0.03	IV	16027005	0.16	3	0.09	Low LD
F54E12.1.1	STR_20187	0.46	IV	9402749	0.64	2	0.74	High LD
F54E12.1.1	STR_24349	0.3	V	7820031	0.34	2	0.76	High LD
F54E12.1.1	STR_26419	0.21	V	18849905	0.29	2	0.45	Moderate LD
F54E7.9.1	STR_13083	0.15	III	7120604	0.15	2	0.88	High LD
F54F2.7.2	STR_13792	0.53	III	7459140	0.56	2	0.68	Moderate LD
F54H12.2.1	STR_4991	0.18	I	13854769	0.2	2	0.9	High LD
F54H12.4.1	STR_6905	0.25	II	2238305	0.69	2	0.39	Moderate LD
F55A3.2.2	STR_20637	0.2	IV	15008111	0.27	2	0.31	Moderate LD
F55B12.11	STR_24958	0.43	V	14945424	0.25	2	0.24	Low LD
F55F8.8.1	STR_24917	0.07	V	14444778	0.17	3	0.13	Low LD
F55G1.2.1	STR_15339	0.16	III	12359497	0.2	2	0.13	Low LD
F56A12.1.1	STR_19264	0.24	IV	7858491	0.24	2	0.64	Moderate LD
F56A12.1.1	STR_23050	0.05	V	4415549	0.22	3	0.45	Moderate LD
F56A4.11	STR_10518	0.21	II	13781845	0.15	2	0.01	Low LD
F56A4.11	STR_20542	0	IV	14888154	0.22	3	0.1	Low LD
F56A4.11	STR_31128	0.31	X	15742279	0.06	2	0.06	Low LD
F56A4.11	STR_80	0.15	I	675688	0.14	3	0	Low LD
F56B3.5.2	STR_27144	0.17	V	20201477	0.19	2	0.75	High LD
F56C4.3a.1	STR_19848	0.18	IV	8635458	0.19	2	0.77	High LD
F56D3.1.2	STR_10490	0.14	II	14555009	0.12	2	0.43	Moderate LD
F56D3.1.2	STR_24917	0.09	V	14649731	0.19	3	0.18	Low LD
F56D6.16	STR_2430	0.16	I	4446767	0.18	2	0.55	Moderate LD
F56D6.17	STR_2343	0.18	I	4479282	0.23	2	0.57	Moderate LD
F56D6.2.2	STR_24029	0.24	V	16587072	0.38	2	0.17	Low LD
F56E10.2a.1	STR_24917	0.1	V	14649731	0.21	3	0.17	Low LD
F56H1.1.1	STR_29060	0.15	X	6526258	0.22	2	0.82	High LD
F57A8.2a.2	STR_24333	0.14	V	11093249	0.15	2	0.88	High LD
F57A8.2b.2	STR_24333	0.27	V	11516185	0.29	2	0.43	Moderate LD
F57A8.2b.2	STR_29599	0.29	X	8249407	0.29	2	0.91	High LD
F57B10.8.2	STR_20924	0.15	IV	15391345	0.25	3	0.19	Low LD
F57B1.6a.1	STR_24042	0.28	V	14649731	0.28	2	0.27	Low LD
F57B9.4a.1	STR_13122	0.89	III	5798099	0.83	2	0.93	High LD
F57C2.2.1	STR_5772	0	II	546631	0.17	3	0.17	Low LD
F57F5.3.1	STR_21111	0.15	IV	16027005	0.16	2	0.27	Low LD
F57F5.3.1	STR_29315	0.23	X	6895081	0.19	2	0.82	High LD
F57H12.3.1	STR_24917	0.11	V	14649731	0.17	3	0.18	Low LD
F58D2.5.1	STR_5426	0.22	I	14427024	0.22	2	1	High LD
F58D5.2b.1	STR_12460	0.04	III	3047948	0.29	3	0.05	Low LD
F58D5.3.1	STR_24803	0.18	V	15043267	0.22	2	0.4	Moderate LD
F58D5.4c.1	STR_20933	0.14	IV	15517818	0.16	2	0.85	High LD
F58E10.4.1	STR_25066	0.14	V	15402901	0.15	2	0.32	Moderate LD
F58E10.5.1	STR_1347	0.19	I	2386041	0.23	2	0.7	High LD
F58F9.8.1	STR_29323	0.21	X	8578850	0.24	2	0.73	High LD
F58G11.2a.1	STR_10679	0.49	II	14951586	0.49	2	1	High LD
F58G11.2a.1	STR_24850	0.72	V	14690552	0.53	2	0.59	Moderate LD
F58G11.2a.1	STR_28533	0.44	X	2827856	0.41	2	0.63	Moderate LD
F58G11.2a.1	STR_5603	0.38	I	13171417	0.46	2	0.49	Moderate LD
F58G11.2a.1	STR_5772	0.04	II	355941	0.36	3	0.27	Low LD
F58G11.2c.1	STR_20187	0.42	IV	13190783	0.39	2	0.65	Moderate LD
F58G11.2c.1	STR_28533	0.36	X	3893981	0.41	2	0.84	High LD
F58G11.2c.1	STR_5603	0.32	I	13171417	0.41	2	0.49	Moderate LD
F58G4.6.1	STR_10490	0.15	II	14555009	0.11	2	0.43	Moderate LD
F59A2.3.2	STR_13247	0.03	III	7098875	0.13	3	0.29	Low LD
F59A7.1.1	STR_7315	0.15	II	3047704	0.18	2	0.11	Low LD
F59C12.4.1	STR_29761	0.18	X	10594814	0.24	2	0.68	Moderate LD
F59E12.15.1	STR_14821	0.32	III	12614426	0.02	3	0	Low LD
F59E12.16c	STR_13973	0.23	III	9039944	0.02	2	0.2	Low LD
F59E12.16c	STR_6980	0.75	II	3511980	0.75	2	1	High LD
F59E12.4a.1	STR_8944	0.49	II	12048446	0.5	2	0.52	Moderate LD
F59E12.4b.1	STR_8944	0.54	II	12048446	0.56	2	0.52	Moderate LD
F59G1.1b.1	STR_8244	0.15	II	9189408	0.15	2	1	High LD
F59H6.10.2	STR_18309	0.28	IV	4544278	0.28	2	1	High LD
F59H6.10.2	STR_30491	0.32	X	13092781	0.24	2	0.92	High LD
F59H6.11.1	STR_14727	0.39	III	11835006	0.38	2	0.34	Moderate LD
H04D03.7.1	STR_24921	0.17	V	14068470	0.17	2	1	High LD
H11L12.1.1	STR_31591	0.46	X	16681022	0.48	4	0.26	Low LD
H13N06.2.1	STR_21111	0.13	IV	11064615	0.15	2	0.2	Low LD
H13N06.5.1	STR_25066	0.14	V	14645499	0.15	2	0.48	Moderate LD
H14A12.3.1	STR_27166	0.18	V	20223274	0.25	2	0.79	High LD
H14A12.4.1	STR_13973	0.16	III	9993012	0.16	2	0.85	High LD
H14E04.2c.2	STR_13206	0.26	III	3920094	0.28	2	0.93	High LD
H19J13.1.1	STR_24917	0.12	V	14444778	0.15	3	0.13	Low LD
H32C10.1b.1	STR_19365	0.21	IV	8752110	0.19	2	0.9	High LD
H37A05.4a.1	STR_15394	0.15	III	12080737	0.23	2	0.4	Moderate LD
JC8.6c.1	STR_24850	0.15	V	13589743	0.17	2	1	High LD
JC8.6d.1	STR_10724	0.15	II	14951586	0.16	2	0.91	High LD
K01A2.8d.1	STR_10161	0	II	14060605	0.2	4	0.04	Low LD
K01A2.8d.1	STR_14302	0.24	III	11186807	0.23	2	0.59	Moderate LD
K01A2.8d.1	STR_25367	0.12	V	13849401	0.17	3	0.21	Low LD
K01D12.12.1	STR_29168	0.14	X	7257582	0.18	2	0.51	Moderate LD
K01D12.15.1	STR_24154	0.2	V	4294239	0.24	2	0.18	Low LD
K01D12.3	STR_22487	0.31	V	2342540	0.3	2	0.95	High LD
K02D10.5.2	STR_26943	0.16	V	20310717	0.19	2	0.86	High LD
K02E10.4a.2	STR_24036	0.19	V	14649731	0.2	2	0.26	Low LD
K02E10.4b.1	STR_30457	0.14	X	13053625	0.13	2	0.65	Moderate LD
K02E2.4.1	STR_24899	0.17	V	14447671	0.21	2	0.63	Moderate LD
K02E2.6.1	STR_2340	0.17	I	4446767	0.24	2	0.5	Moderate LD
K02E7.9.1	STR_6312	0.23	II	2780968	0.33	2	0.52	Moderate LD
K03A1.6.1	STR_29315	0.19	X	6298569	0.2	2	0.16	Low LD
K03D7.7.1	STR_6612	0.2	II	3978307	0.25	2	0.17	Low LD
K04A8.6a.2	STR_23812	0.17	V	4568670	0.18	2	0.25	Low LD
K04D7.2b.2	STR_29810	0.09	X	8522871	0.16	3	0.07	Low LD
K04E7.3.1	STR_24899	0.13	V	14649731	0.15	2	0.51	Moderate LD
K04E7.3.1	STR_29315	0.14	X	7896461	0.18	2	0.7	High LD
K04G2.1.2	STR_29490	0.05	X	8196348	0.15	3	0.52	Moderate LD
K04H4.2a.1	STR_24917	0.11	V	14649731	0.16	3	0.18	Low LD
K04H4.2a.2	STR_24917	0.11	V	14654518	0.16	3	0.18	Low LD
K04H4.2c.1	STR_24917	0.12	V	14654518	0.18	3	0.18	Low LD
K05F6.16	STR_10531	0.24	II	14599960	0.16	2	0.67	Moderate LD
K06B9.4	STR_13472	0.24	III	7579990	0.27	2	0.82	High LD
K06C4.12.1	STR_6418	0.03	II	209512	0.26	3	0.22	Low LD
K06C4.17.1	STR_23933	0.23	V	12023320	0.14	2	0.36	Moderate LD
K06C4.4.1	STR_6418	0.03	II	209512	0.26	3	0.22	Low LD
K07A1.9d.1	STR_3785	0.17	I	10756606	0.22	2	0.43	Moderate LD
K07C6.5.1	STR_25367	0.19	V	16006958	0.18	3	0.82	High LD
K07G5.6.2	STR_31660	0.07	X	16190800	0.12	3	0.17	Low LD
K07H8.2a.2	STR_24022	0.12	V	16131501	0.18	3	0.09	Low LD
K07H8.2b.2	STR_8244	0.16	II	9189408	0.16	2	1	High LD
K07H8.5.1	STR_20187	0.16	IV	9402749	0.25	2	0.74	High LD
K07H8.5.1	STR_29315	0.16	X	7116370	0.16	2	0.53	Moderate LD
K08A2.1.1	STR_20542	0.05	IV	14470670	0.17	3	0.1	Low LD
K08D8.4a.1	STR_20125	0.24	IV	9026757	0.17	2	0.23	Low LD
K08D8.4a.1	STR_23401	0.15	V	7317606	0.13	2	0.54	Moderate LD
K08D8.4d.1	STR_20143	0.32	IV	15238915	0.17	2	0.13	Low LD
K08D8.5.2	STR_29829	0.18	X	11122756	0.18	2	0.47	Moderate LD
K08D9.9.1	STR_25367	0.18	V	15841944	0.24	3	0.2	Low LD
K08E7.5a.1	STR_20542	0	IV	15446109	0.16	3	0.09	Low LD
K08E7.5a.2	STR_24917	0.12	V	14957074	0.09	3	0.03	Low LD
K08H10.1a.1	STR_8184	0.14	II	8795806	0.15	2	0.92	High LD
K08H2.3.1	STR_21374	0.22	IV	15659838	0.27	2	0.3	Moderate LD
K08H2.9.1	STR_29608	0.15	X	8740307	0.14	2	0.78	High LD
K09D9.2.1	STR_7041	0.24	II	3402871	0.25	2	0.87	High LD
K09E3.4	STR_6061	0.29	II	2208261	0.39	2	0.48	Moderate LD
K09E9.3b.1	STR_20208	0.13	IV	13190783	0.17	2	0.67	Moderate LD
K09H9.7.1	STR_21039	0.27	IV	15522705	0.44	3	0.42	Moderate LD
K10C8.1.1	STR_24766	0.24	V	10407905	0.21	2	0.14	Low LD
K10C8.4.2	STR_24801	0.18	V	13722936	0.18	2	0.39	Moderate LD
K10C9.3.2	STR_24899	0.18	V	13914214	0.17	2	0.96	High LD
K10C9.7.2	STR_21735	0.45	V	5979	0.45	2	1	High LD
K10G6.2.1	STR_24917	0.09	V	14649731	0.16	3	0.18	Low LD
K11D2.5.2	STR_19067	0.18	IV	4665571	0.15	2	0.37	Moderate LD
K11H3.8a.1	STR_13973	0.57	III	8269370	0.56	2	0.97	High LD
K11H3.8b.2	STR_17109	0.28	IV	2177206	0.3	2	0.8	High LD
K12G11.6.1	STR_24917	0.12	V	14649731	0.15	3	0.18	Low LD
K12H6.12.1	STR_20503	0.16	IV	13357957	0.2	2	0.5	Moderate LD
M01D7.7b.1	STR_7041	0.15	II	3205369	0.19	2	0.66	Moderate LD
M01E5.2.1	STR_16123	0.15	IV	1040866	0.2	2	0.06	Low LD
M01E5.5a.1	STR_5404	0.14	I	14405536	0.14	2	1	High LD
M01F1.1.1	STR_12753	0.37	III	5287306	0.38	2	0.94	High LD
M01G12.7.1	STR_226	0.16	I	345372	0.14	2	0.91	High LD
M01G5.1.1	STR_21735	0.21	V	277944	0.24	2	0.95	High LD
M02G9.1b.1	STR_24917	0.14	V	14649731	0.2	3	0.18	Low LD
M03F8.2b.1	STR_24917	0.1	V	14654518	0.14	3	0.18	Low LD
M04B2.4.2	STR_24917	0.06	V	14447671	0.17	3	0.13	Low LD
M116.5.1	STR_25010	0.14	V	13728639	0.14	2	0.18	Low LD
M117.3.1	STR_25429	0.04	V	16236905	0.19	4	0.13	Low LD
M117.6.1	STR_19216	0.25	IV	8994832	0.36	2	0.28	Low LD
M142.4.1	STR_939	0.14	I	1549172	0.11	2	0.57	Moderate LD
M151.7.1	STR_8233	0.13	II	9243856	0.17	2	0.6	Moderate LD
M18.5.1	STR_29281	0.15	X	7257582	0.17	2	0.38	Moderate LD
M195.2b.1	STR_24917	0.1	V	13722936	0.13	3	0.24	Low LD
M28.4.1	STR_27108	0.15	V	20410593	0.15	3	0.24	Low LD
M60.2.2	STR_10204	0.23	II	13176850	0.23	2	0.14	Low LD
M60.2.2	STR_24546	0.31	V	4860639	0.31	2	0.74	High LD
M60.2.2	STR_29077	0.43	X	6186665	0.38	2	0.9	High LD
R04B5.5.1	STR_24349	0.33	V	4860639	0.35	2	0.68	Moderate LD
R04B5.5.1	STR_29599	0.28	X	8927830	0.28	2	0.83	High LD
R05H10.5a.2	STR_22478	0.15	V	2309648	0.22	2	0.72	High LD
R06B9.1.1	STR_10153	0.26	II	14884692	0.22	2	0.58	Moderate LD
R06B9.3.1	STR_15394	0.17	III	12000745	0.08	2	0.01	Low LD
R06B9.3.2	STR_15394	0.18	III	12000745	0.1	2	0.01	Low LD
R07B1.3.1	STR_25066	0.15	V	14650622	0.15	2	0.59	Moderate LD
R07B7.2b.1	STR_28130	0.27	X	769345	0.27	2	0.16	Low LD
R07B7.2c.1	STR_28130	0.3	X	769345	0.28	2	0.16	Low LD
R07B7.2d.1	STR_29599	0.19	X	8581338	0.25	2	1	High LD
R07C3.12	STR_3734	0.14	I	10827365	0.06	2	0.04	Low LD
R07E3.4.1	STR_27166	0.16	V	20767171	0.16	2	1	High LD
R07E5.10.1	STR_13656	0.26	III	5709836	0.26	2	0.82	High LD
R08B4.3.1	STR_21320	0.18	IV	16705524	0.2	2	0.58	Moderate LD
R08C7.13.1	STR_19475	0.17	IV	7858491	0.13	2	0.38	Moderate LD
R08C7.9.1	STR_19532	0.14	IV	7858491	0.16	2	0.27	Low LD
R08D7.3.2	STR_13508	0.34	III	7867229	0.34	2	0.95	High LD
R08H2.1.2	STR_22628	0.13	V	2276659	0.26	2	0.57	Moderate LD
R09A8.9.1	STR_28654	0.24	X	4122175	0.23	3	0.89	High LD
R09E10.5.1	STR_9664	0.06	II	13273993	0.23	3	0.1	Low LD
R09E10.9	STR_29088	0.19	X	5067480	0.19	2	0.59	Moderate LD
R107.8.1	STR_19743	0.14	IV	11868913	0.13	2	0.83	High LD
R107.8.1	STR_29824	0.02	X	9545637	0.16	3	0.07	Low LD
R119.6.2	STR_21039	0.08	IV	15705753	0.16	3	0.11	Low LD
R11A5.4b.2	STR_13099	0.45	III	7335426	0.45	2	0.93	High LD
R11G1.1.1	STR_24917	0.14	V	14649731	0.2	3	0.18	Low LD
R12B2.2.1	STR_13083	0.2	III	8079796	0.19	2	0.71	High LD
R12E2.10.2	STR_9973	0.24	II	13297850	0.34	2	0.29	Low LD
R13.5	STR_29088	0.14	X	5067480	0.11	2	0.59	Moderate LD
R13A5.8.2	STR_14821	0.23	III	3030046	0.41	3	0.29	Low LD
R13H9.4.1	STR_19328	0.18	IV	8337815	0.18	2	0.91	High LD
R13H9.4.1	STR_23401	0.24	V	4415549	0.19	2	0.43	Moderate LD
R155.1a.2	STR_8658	0.27	II	12001295	0.28	2	0.68	Moderate LD
T01B7.3.2	STR_7863	0.22	II	7406257	0.22	2	0.92	High LD
T01C3.8a.1	STR_29307	0.02	X	6723875	0.14	4	0.12	Low LD
T01H10.4	STR_16369	0.21	IV	751512	0.11	3	0.03	Low LD
T02E9.2a.1	STR_20924	0.14	IV	16384308	0.13	3	0.19	Low LD
T02E9.2a.1	STR_25066	0.15	V	14645499	0.15	2	0.48	Moderate LD
T02E9.2b.2	STR_24917	0.11	V	14649731	0.17	3	0.18	Low LD
T02G5.13a.1	STR_23050	0.2	V	4115187	0.28	3	0.85	High LD
T02G5.14.1	STR_18305	0.16	IV	4665571	0.17	2	0.97	High LD
T02G5.3.1	STR_30295	0.17	X	12469798	0.18	2	0.71	High LD
T03D8.1b.1	STR_20254	0.24	IV	13252725	0.24	2	0.56	Moderate LD
T04A11.1.1	STR_20068	0.25	IV	10931703	0.27	2	0.67	Moderate LD
T04A11.4.1	STR_20068	0.25	IV	10931703	0.26	2	0.67	Moderate LD
T04A6.3b.1	STR_27108	0.13	V	20101488	0.14	3	0.3	Moderate LD
T04B2.1	STR_23401	0.25	V	15743935	0.05	2	0.12	Low LD
T04B2.1	STR_28147	0.15	X	5067480	0.11	3	0.04	Low LD
T04B2.1	STR_31110	0.15	X	14955875	0.11	2	0.16	Low LD
T04B2.1	STR_80	0.06	I	345372	0.11	3	0.1	Low LD
T04C12.6.2	STR_24349	0.16	V	5501275	0.2	2	0.52	Moderate LD
T04C12.6.2	STR_29599	0.18	X	9464216	0.17	2	0.66	Moderate LD
T04G9.2.2	STR_24917	0.11	V	16017666	0.1	3	0.08	Low LD
T05A10.2.1	STR_29307	0.26	X	7582162	0.38	4	0.23	Low LD
T05A1.1b.1	STR_14064	0.17	III	9880014	0.17	2	1	High LD
T05A12.2a.1	STR_25061	0.19	V	15743935	0.25	3	0.27	Low LD
T05B9.1.1	STR_24352	0.22	V	10580510	0.17	2	0.54	Moderate LD
T05B9.1.2	STR_24352	0.23	V	17928323	0.12	2	0.06	Low LD
T05F1.6.2	STR_21039	0.11	IV	16976924	0.15	3	0.14	Low LD
T05H4.8	STR_20698	0.1	IV	14694837	0.18	3	0.3	Moderate LD
T05H4.8	STR_23597	0.2	V	15469512	0.21	2	0.24	Low LD
T05H4.8	STR_8184	0.17	II	8795806	0.18	2	0.92	High LD
T06A10.3a.1	STR_21397	0.06	IV	15705753	0.21	3	0.13	Low LD
T06C12.5	STR_18157	0.13	IV	2146989	0.18	2	0.25	Low LD
T06C12.5	STR_6006	0.14	II	1156235	0.33	2	0.1	Low LD
T06G6.6b.1	STR_20924	0.09	IV	16047511	0.18	3	0.21	Low LD
T07C12.11.1	STR_24546	0.17	V	11516185	0.18	2	0.74	High LD
T07C12.11.1	STR_29315	0.18	X	6526258	0.24	2	0.82	High LD
T07D3.6	STR_25066	0.24	V	14649731	0.3	2	0.43	Moderate LD
T07G12.10.1	STR_19727	0.27	IV	12140133	0.26	2	0.77	High LD
T07G12.10.2	STR_21165	0.15	IV	16601816	0.23	2	0.05	Low LD
T07G12.10.2	STR_226	0.22	I	1218959	0.3	2	0.54	Moderate LD
T07G12.10.2	STR_4571	0.17	I	12428713	0.31	2	0.46	Moderate LD
T07G12.12a.1	STR_19743	0.23	IV	11868913	0.2	2	0.83	High LD
T07G12.6b.1	STR_19355	0.26	IV	9330791	0.29	2	0.68	Moderate LD
T07G12.8	STR_226	0.14	I	345372	0.16	2	0.91	High LD
T08E11.3.1	STR_18739	0.43	IV	5939571	0.43	2	1	High LD
T08E11.3.1	STR_23050	0.09	V	4375888	0.35	3	0.26	Low LD
T08E11.3.1	STR_4024	0.34	I	2775461	0.41	2	0.43	Moderate LD
T08E11.3.1	STR_6316	0.31	II	3629604	0.38	2	0.68	Moderate LD
T08G5.5c.1	STR_25522	0.21	V	15078019	0.24	3	0.19	Low LD
T08G5.5d.1	STR_12576	0.25	III	4582241	0.24	2	0.91	High LD
T09A12.4c.1	STR_20202	0.14	IV	13189193	0.15	2	0.55	Moderate LD
T09B4.6.1	STR_27108	0.16	V	20101488	0.14	3	0.3	Moderate LD
T09E8.1a.1	STR_29013	0.17	X	5067480	0.14	2	0.56	Moderate LD
T09E8.1g.1	STR_29449	0.02	X	7116370	0.24	3	0.18	Low LD
T10B10.8.1	STR_20924	0.12	IV	16400078	0.17	3	0.15	Low LD
T10B5.8.1	STR_27108	0.11	V	20001672	0.17	3	0.25	Low LD
T10B9.1.1	STR_29824	0.12	X	8755875	0.21	3	0	Low LD
T10B9.1.1	STR_31038	0.14	X	14375587	0.25	2	0.24	Low LD
T10C6.12.1	STR_28077	0.16	X	2600717	0.16	2	0.91	High LD
T10C6.15a.1	STR_24625	0.15	V	12294693	0.14	2	0.77	High LD
T10C6.7.2	STR_9980	0.18	II	13119784	0.11	2	0.2	Low LD
T10E9.14.1	STR_20208	0.13	IV	13190783	0.14	2	0.67	Moderate LD
T10H4.11.1	STR_25278	0.23	V	13438045	0.23	2	0.59	Moderate LD
T10H9.4.1	STR_23571	0.16	V	4960483	0.21	2	0.32	Moderate LD
T10H9.4.2	STR_31128	0.14	X	14966284	0.23	2	0.42	Moderate LD
T11A5.6c.1	STR_10679	0.14	II	14106871	0.18	2	0.68	Moderate LD
T11A5.6c.1	STR_24546	0.19	V	11516185	0.2	2	0.74	High LD
T11A5.6c.1	STR_29315	0.22	X	6631333	0.18	2	0.82	High LD
T11A5.6c.1	STR_6258	0.13	II	1186497	0.17	2	0.2	Low LD
T11F9.3.2	STR_24494	0.34	V	4728368	0.41	2	0.29	Low LD
T11F9.3.2	STR_29784	0.26	X	8615437	0.24	2	0.2	Low LD
T12C9.3f.1	STR_23933	0.15	V	4595333	0.03	2	0.18	Low LD
T13C2.7.1	STR_21621	0.19	IV	17270824	0.2	2	0.95	High LD
T13H5.3.1	STR_24917	0.17	V	7317606	0.12	3	0.04	Low LD
T14G12.4a.1	STR_19532	0.23	IV	7858491	0.22	2	0.27	Low LD
T14G12.4a.1	STR_23050	0.03	V	4415549	0.21	3	0.45	Moderate LD
T15B7.16.1	STR_23268	0.16	V	4165796	0.21	2	0.49	Moderate LD
T16G1.1.1	STR_24724	0.17	V	14447671	0.13	2	0.34	Moderate LD
T16G12.4.1	STR_13757	0.29	III	8279980	0.29	2	0.79	High LD
T17A3.1.1	STR_11011	0.15	III	1694478	0.15	3	0.25	Low LD
T17A3.3.1	STR_19328	0.23	IV	9092582	0.23	2	1	High LD
T17H7.4d.1	STR_25066	0.13	V	14650622	0.13	2	0.59	Moderate LD
T19D12.2b.1	STR_7937	0.15	II	5615191	0.2	2	0.43	Moderate LD
T19H5.7.1	STR_7888	0.05	II	6771749	0.17	3	0.24	Low LD
T20B12.1.2	STR_13735	0.13	III	8767221	0.12	2	0.9	High LD
T20B6.3.1	STR_24917	0.09	V	14649731	0.17	3	0.17	Low LD
T20H9.4.1	STR_24625	0.14	V	14396609	0.17	2	0.13	Low LD
T21E8.2.1	STR_20187	0.23	IV	13197992	0.19	2	0.57	Moderate LD
T21F2.1a.1	STR_7842	0.13	II	3153048	0.15	2	0.55	Moderate LD
T21H3.2a.1	STR_24917	0.11	V	14649731	0.15	3	0.18	Low LD
T22G5.6.2	STR_26249	0.2	V	18898401	0.2	2	0.7	High LD
T23B12.5.1	STR_24029	0.29	V	7317606	0.33	2	0.52	Moderate LD
T23B12.5.1	STR_27945	0.14	X	2019708	0.22	2	0.84	High LD
T23B12.5.1	STR_499	0.19	I	877144	0.19	2	1	High LD
T23B5.4b.1	STR_19387	0.62	IV	10931703	0.75	3	0.96	High LD
T23D8.6.1	STR_15400	0.15	III	12491239	0.17	2	0.32	Moderate LD
T23F2.5.2	STR_7313	0.14	II	4468340	0.09	2	0.46	Moderate LD
T23G11.3.2	STR_14624	0.17	III	11465750	0.18	2	0.09	Low LD
T23G11.3.2	STR_5233	0.16	I	14168582	0.21	2	0.67	Moderate LD
T23H2.4.1	STR_24917	0.1	V	12294693	0.07	3	0.05	Low LD
T24A6.1a.1	STR_25869	0.17	V	19023633	0.27	2	0.09	Low LD
T24B8.5.1	STR_8631	0.16	II	10643292	0.18	2	0.84	High LD
T24H7.5a.1	STR_25066	0.15	V	14647434	0.16	2	0.36	Moderate LD
T25B9.8.2	STR_19605	0.27	IV	12140133	0.24	2	0.7	High LD
T25E12.16.1	STR_27108	0.15	V	20410593	0.15	3	0.28	Low LD
T26A5.2b.1	STR_13240	0.18	III	8254319	0.19	2	0.8	High LD
T26A5.5a.2	STR_15394	0.15	III	12735382	0.08	2	0.04	Low LD
T26C5.3e.2	STR_7953	0.2	II	7308038	0.2	2	1	High LD
T26F2.3.1	STR_5990	0.14	II	715409	0.14	2	0.48	Moderate LD
T26G10.7	STR_22855	0.57	V	3485991	0.57	2	1	High LD
T26H5.14.1	STR_28531	0.34	X	3893981	0.32	2	0.92	High LD
T26H5.14.1	STR_5603	0.28	I	13463537	0.29	2	0.54	Moderate LD
T27A3.6.2	STR_2850	0.21	I	4978135	0.43	2	0.38	Moderate LD
T27E4.2.1	STR_19328	0.27	IV	9092582	0.27	2	1	High LD
T27E4.2.1	STR_23892	0.24	V	7596063	0.37	2	0.21	Low LD
T27E4.3.1	STR_23050	0.06	V	7596063	0.33	3	0.17	Low LD
T27E4.9.1	STR_23050	0.06	V	7596063	0.33	3	0.17	Low LD
T27E7.10	STR_5233	0.16	I	14109069	0.17	2	0.93	High LD
T27E9.4b.2	STR_14921	0.17	III	11934557	0.21	2	0.36	Moderate LD
T27E9.4b.2	STR_27159	0.14	V	20030979	0.16	2	0.55	Moderate LD
T28F12.3a.2	STR_30026	0.13	X	10939349	0.13	2	0.83	High LD
T28H11.4a.1	STR_21072	0.15	IV	17438576	0.22	2	0.23	Low LD
W01B6.11	STR_27108	0.14	V	20001672	0.17	3	0.25	Low LD
W01C8.5b.1	STR_5603	0.16	I	13463537	0.12	2	0.54	Moderate LD
W01F3.3g.1	STR_24546	0.16	V	15952782	0.11	2	0.04	Low LD
W01F3.3g.1	STR_31128	0.14	X	14955875	0.07	2	0.62	Moderate LD
W02A11.8.2	STR_19610	0.22	IV	13956350	0.11	2	0.13	Low LD
W02A11.8.2	STR_24349	0.31	V	3445950	0.09	2	0.14	Low LD
W02A11.8.2	STR_4727	0.41	I	9046450	0.09	2	0.32	Moderate LD
W02A11.8.2	STR_9605	0.2	II	13525837	0.22	2	0.16	Low LD
W02B3.4.1	STR_4104	0.19	I	11834253	0.2	2	0.44	Moderate LD
W02G9.2c.1	STR_25066	0.13	V	13718280	0.14	2	0.31	Moderate LD
W03A3.2.1	STR_13386	0.2	III	7305440	0.21	2	0.93	High LD
W03A5.7.2	STR_27144	0.16	V	20046403	0.18	2	0.74	High LD
W03D2.5a.1	STR_17550	0.05	IV	2807980	0.17	4	0.86	High LD
W03D8.7.1	STR_20863	0.15	IV	15605689	0.23	2	0.49	Moderate LD
W03D8.8.2	STR_29396	0.01	X	8740307	0.18	3	0.62	Moderate LD
W04A4.2.1	STR_21320	0.17	IV	16147246	0.19	2	0.51	Moderate LD
W04A4.2.1	STR_2340	0.22	I	4479282	0.27	2	0.47	Moderate LD
W04D2.3a.1	STR_23867	0.2	V	4293358	0.19	2	0.2	Low LD
W04G3.1b.1	STR_24917	0.15	V	16518382	0.19	3	0.12	Low LD
W04G3.3.1	STR_20924	0.07	IV	16027005	0.15	3	0.18	Low LD
W04H10.3a.2	STR_27108	0.13	V	20101488	0.17	3	0.37	Moderate LD
W04H10.6a.1	STR_19555	0.29	IV	12078625	0.32	2	0.39	Moderate LD
W04H10.6a.1	STR_23050	0.05	V	4369135	0.31	3	0.31	Moderate LD
W04H10.6a.1	STR_499	0.19	I	1543438	0.22	2	0.12	Low LD
W04H10.6a.1	STR_7648	0.23	II	5778426	0.23	2	1	High LD
W04H10.6a.1	STR_9816	0.07	II	13158734	0.18	3	0.02	Low LD
W05B10.1.2	STR_29013	0.36	X	4877879	0.33	2	0.21	Low LD
W05B10.2.2	STR_29013	0.18	X	7896461	0.21	2	0.54	Moderate LD
W05B2.2.1	STR_24917	0.19	V	14649731	0.2	3	0.18	Low LD
W05B2.2.1	STR_5203	0.15	I	14576765	0.12	2	0.56	Moderate LD
W05B2.4.1	STR_25066	0.18	V	14649731	0.2	2	0.43	Moderate LD
W05B2.4.1	STR_5990	0.13	II	3564780	0.15	2	0.47	Moderate LD
W05B5.3a.2	STR_24917	0.1	V	14649731	0.15	3	0.17	Low LD
W05F2.2	STR_19328	0.15	IV	9092582	0.15	2	1	High LD
W05F2.2	STR_24584	0.17	V	10041860	0.14	2	0.53	Moderate LD
W05F2.2	STR_2947	0.18	I	6729971	0.15	2	0.7	High LD
W05F2.8a.1	STR_14240	0.19	III	10711235	0.18	2	0.31	Moderate LD
W05H12.2	STR_29315	0.16	X	7803440	0.18	2	0.45	Moderate LD
W05H12.4.2	STR_24850	0.24	V	13762996	0.24	2	0.9	High LD
W05H12.4.2	STR_29038	0.2	X	3893981	0.26	2	0.6	Moderate LD
W06A11.4	STR_21397	0.22	IV	16872436	0.22	2	0.65	Moderate LD
W06D12.1.1	STR_24917	0.14	V	13722936	0.15	3	0.24	Low LD
W06H3.3.1	STR_25066	0.19	V	13709420	0.21	2	0.42	Moderate LD
W06H3.3.1	STR_5990	0.13	II	405719	0.14	2	0.59	Moderate LD
W08E12.3.1	STR_20924	0.05	IV	16047511	0.15	3	0.21	Low LD
W09B7.1.1	STR_25432	0.1	V	17029962	0.14	3	0.07	Low LD
W09C3.3.1	STR_23489	0.19	V	5348847	0.2	2	0.76	High LD
W09C3.3.1	STR_29729	0.11	X	9484805	0.25	3	0.05	Low LD
W09G3.2.1	STR_20254	0.15	IV	13189193	0.15	2	0.49	Moderate LD
W09H1.1a.1	STR_18432	0.13	IV	6232856	0.17	2	0.29	Low LD
W09H1.3.1	STR_19605	0.24	IV	9070634	0.22	2	0.42	Moderate LD
W09H1.4.1	STR_19605	0.27	IV	9070634	0.23	2	0.42	Moderate LD
W10G11.4.1	STR_6957	0.01	II	5544015	0.28	3	0.12	Low LD
Y102A5C.1.2	STR_21254	0.25	IV	16631240	0.16	2	0.38	Moderate LD
Y102A5C.3	STR_18355	0.19	IV	4406563	0.21	2	0.52	Moderate LD
Y102A5C.3	STR_25585	0.33	V	18416714	0.29	2	0.15	Low LD
Y105C5A.1.2	STR_30355	0.02	X	12806130	0.15	3	0.14	Low LD
Y105C5A.2	STR_17550	0.01	IV	3481894	0.26	4	0.03	Low LD
Y105C5A.9a.1	STR_6138	0.38	II	1177776	0.43	2	0.82	High LD
Y105C5A.9b.1	STR_6274	0.68	II	2063402	0.55	4	0.96	High LD
Y105E8A.20b.1	STR_25877	0.14	V	19517561	0.15	2	0.14	Low LD
Y105E8B.11.1	STR_18372	0.42	IV	3881833	0.44	2	0.49	Moderate LD
Y105E8B.11.1	STR_1906	0.16	I	2775461	0.22	2	0.17	Low LD
Y106G6E.1.1	STR_27108	0.09	V	19945382	0.16	3	0.25	Low LD
Y106G6H.12a.2	STR_13346	0.17	III	6898616	0.15	2	0.9	High LD
Y106G6H.6a.2	STR_20924	0.01	IV	15068097	0.18	3	0.19	Low LD
Y108F1.3	STR_20924	0.08	IV	16027005	0.23	3	0.18	Low LD
Y108F1.4	STR_23401	0.14	V	3249178	0.36	2	0.18	Low LD
Y108F1.4	STR_6569	0.13	II	3767356	0.37	2	0.11	Low LD
Y110A2AM.3a.2	STR_27146	0.15	V	20900332	0.11	2	0.42	Moderate LD
Y111B2A.14s.1	STR_25066	0.15	V	14649731	0.17	2	0.43	Moderate LD
Y111B2A.4a.1	STR_17762	0.2	IV	6769970	0.26	3	0.03	Low LD
Y111B2A.4a.1	STR_23597	0.41	V	5777049	0.41	2	1	High LD
Y111B2A.4a.1	STR_30956	0.13	X	14757095	0.26	3	0.08	Low LD
Y111B2A.4a.1	STR_5633	0.25	I	14707876	0.27	2	0.5	Moderate LD
Y111B2A.4a.1	STR_6583	0.27	II	2476363	0.27	2	0.45	Moderate LD
Y113G7A.9a.1	STR_27152	0.14	V	18109630	0.13	2	0.12	Low LD
Y116F11A.1.1	STR_25987	0.28	V	17917290	0.15	2	0.49	Moderate LD
Y116F11B.10a	STR_17443	0.17	IV	2849850	0.28	3	0.27	Low LD
Y116F11B.13.1	STR_25088	0.01	V	14773604	0.2	3	0.55	Moderate LD
Y116F11B.17.1	STR_20402	0.14	IV	9026757	0.01	2	0.04	Low LD
Y116F11B.6.1	STR_21261	0.16	IV	16386540	0.27	2	0.64	Moderate LD
Y116F11B.6.1	STR_23619	0.2	V	4856381	0.22	2	0.44	Moderate LD
Y116F11B.6.1	STR_28106	0.17	X	769345	0.17	2	0.42	Moderate LD
Y116F11B.6.1	STR_8184	0.19	II	8795806	0.19	2	0.92	High LD
Y119C1B.8b.1	STR_19851	0.19	IV	13529712	0.27	2	0.56	Moderate LD
Y119D3B.20	STR_18956	0.17	IV	7225100	0.23	3	0.4	Moderate LD
Y11D7A.10a.1	STR_16505	0.02	IV	1060447	0.25	3	0.5	Moderate LD
Y11D7A.9.2	STR_20924	0.05	IV	16047511	0.18	3	0.21	Low LD
Y13C8A.1.1	STR_18270	0.2	IV	4649779	0.19	2	0.86	High LD
Y16E11A.1.1	STR_24537	0.37	V	11238035	0.32	2	0.75	High LD
Y17D7B.1b.1	STR_29015	0.17	X	6904378	0.24	2	0.38	Moderate LD
Y17D7C.3	STR_28214	0.23	X	1905739	0.6	3	0.12	Low LD
Y17D7C.3	STR_5857	0.36	II	587549	0.46	2	0.46	Moderate LD
Y17G7B.11.2	STR_15498	0.14	III	12815804	0.12	2	0.48	Moderate LD
Y17G7B.15a.2	STR_13116	0.13	III	5447937	0.07	2	0.52	Moderate LD
Y17G7B.23a.1	STR_29168	0.22	X	5805427	0.17	2	0.42	Moderate LD
Y18D10A.9.1	STR_226	0.14	I	2013010	0.22	2	0.59	Moderate LD
Y18D10A.9.1	STR_27656	0.15	X	2019708	0.19	2	0.21	Low LD
Y19D10A.10	STR_10518	0.21	II	13781845	0.15	2	0.01	Low LD
Y19D10A.10	STR_31128	0.35	X	15547286	0.32	2	0.4	Moderate LD
Y19D10A.10	STR_5706	0.32	I	13312810	0.36	3	0.31	Moderate LD
Y20F4.4a.1	STR_20560	0.22	IV	15294937	0.28	2	0.38	Moderate LD
Y20F4.4b.1	STR_21150	0.24	IV	15263521	0.33	2	0.38	Moderate LD
Y22D7AL.10.1	STR_8244	0.19	II	9189408	0.19	2	1	High LD
Y32F6A.3.2	STR_27166	0.16	V	19918376	0.19	2	0.7	High LD
Y32F6A.6	STR_24349	0.25	V	7820031	0.3	2	0.76	High LD
Y32F6A.6	STR_28214	0.07	X	1905739	0.3	3	0.12	Low LD
Y32F6A.6	STR_29729	0.07	X	9217864	0.29	3	0.1	Low LD
Y35H6.3	STR_27597	0.14	X	1109056	0.21	2	0.46	Moderate LD
Y37A1B.1a.1	STR_18739	0.13	IV	7225100	0.15	2	0.54	Moderate LD
Y37A1B.5a.1	STR_24132	0.19	V	9058366	0.2	2	0.82	High LD
Y37A1B.5a.1	STR_6537	0.09	II	3569186	0.23	3	0.02	Low LD
Y37A1C.1h.1	STR_5233	0.15	I	14172637	0.15	2	0.41	Moderate LD
Y37D8A.12a.1	STR_24790	0.16	V	13309513	0.18	2	0.73	High LD
Y37D8A.25.1	STR_4589	0.17	I	12749852	0.24	2	0.64	Moderate LD
Y37F4.1.1	STR_16340	0.05	IV	584046	0.23	3	0.09	Low LD
Y37F4.3.1	STR_19003	0.19	IV	8583608	0.17	2	0.35	Moderate LD
Y37F4.3.1	STR_25031	0.26	V	20231622	0.17	2	0.22	Low LD
Y37F4.3.1	STR_29441	0.15	X	7266229	0.3	2	0.76	High LD
Y37H2A.5b.1	STR_16771	0.15	IV	1576746	0.33	2	0.24	Low LD
Y37H2A.5b.1	STR_23747	0.15	V	6989071	0.05	2	0.01	Low LD
Y37H2A.7.1	STR_27129	0.32	V	20057484	0.48	3	0.43	Moderate LD
Y37H9A.2	STR_27836	0.22	X	1785386	0.28	2	0.55	Moderate LD
Y37H9A.4	STR_21645	0.19	IV	17468649	0.28	4	0.11	Low LD
Y37H9A.5.2	STR_21595	0.16	IV	17468649	0.25	2	0.11	Low LD
Y38A8.2.2	STR_12296	0.15	III	3350144	0.15	2	0.84	High LD
Y38E10A.3.1	STR_18270	0.36	IV	5433699	0.37	2	0.64	Moderate LD
Y38E10A.5.1	STR_5990	0.14	II	749717	0.17	2	0.87	High LD
Y38H6A.4	STR_30377	0.15	X	12507147	0.14	2	0.21	Low LD
Y38H6C.5	STR_17550	0.26	IV	2401594	0.28	4	0.05	Low LD
Y39A1A.15g.2	STR_14172	0.22	III	8729512	0.23	2	0.51	Moderate LD
Y39E4A.3a.2	STR_13795	0.14	III	8065619	0.17	2	0.69	Moderate LD
Y39F10A.3.1	STR_27108	0.12	V	20001672	0.13	3	0.25	Low LD
Y39G10AR.20.1	STR_5603	0.28	I	14721419	0.3	2	0.8	High LD
Y40H7A.7	STR_22451	0.31	V	2029472	0.46	2	0.78	High LD
Y41D4B.10a.1	STR_19532	0.2	IV	4665571	0.15	2	0.17	Low LD
Y41D4B.18	STR_499	0.18	I	707201	0.23	2	0.65	Moderate LD
Y43E12A.1.1	STR_20187	0.16	IV	12723578	0.15	2	0.59	Moderate LD
Y43E12A.1.2	STR_20187	0.23	IV	9402749	0.3	2	0.74	High LD
Y43E12A.1.2	STR_24546	0.14	V	11516185	0.19	2	0.74	High LD
Y43E12A.1.2	STR_29088	0.17	X	5067480	0.14	2	0.59	Moderate LD
Y44E3B.2.1	STR_5115	0.13	I	13562995	0.12	2	0.73	High LD
Y45F10C.4.1	STR_27637	0.17	X	303285	0.42	2	0.22	Low LD
Y45G5AM.1a.1	STR_25061	0.19	V	14654518	0.26	3	0.44	Moderate LD
Y45G5AM.1a.2	STR_25066	0.24	V	14654518	0.27	2	0.47	Moderate LD
Y46C8AL.12	STR_21808	0.64	V	814661	0.69	2	0.95	High LD
Y46C8AL.2.1	STR_28863	0.18	X	5072234	0.27	2	0.59	Moderate LD
Y46E12BL.3.1	STR_29599	0.26	X	7257582	0.26	2	0.38	Moderate LD
Y46G5A.14.2	STR_29168	0.23	X	7302838	0.3	2	0.81	High LD
Y46G5A.34.2	STR_7459	0.18	II	5979009	0.19	2	0.24	Low LD
Y46H3A.2.1	STR_12915	0.05	III	3353294	0.3	5	0.04	Low LD
Y46H3A.2.1	STR_17754	0.22	IV	2212564	0.31	2	0.38	Moderate LD
Y46H3A.2.1	STR_23892	0.27	V	7596063	0.35	2	0.21	Low LD
Y46H3C.5.2	STR_31591	0.12	X	16864810	0.19	4	0.07	Low LD
Y46H3C.6	STR_24922	0.14	V	14396609	0.08	2	0.22	Low LD
Y46H3C.6	STR_31128	0.17	X	14375587	0.24	2	0.2	Low LD
Y46H3C.6	STR_7286	0.16	II	3615891	0.27	2	0.2	Low LD
Y47D3B.1.1	STR_10713	0.15	II	15120251	0.15	2	1	High LD
Y47D3B.1.1	STR_20924	0.07	IV	16384308	0.14	3	0.19	Low LD
Y47D3B.3.1	STR_20924	0.08	IV	16047511	0.16	3	0.21	Low LD
Y47D7A.14a.1	STR_499	0.14	I	922115	0.22	2	0.67	Moderate LD
Y47D7A.2.1	STR_19328	0.33	IV	9116894	0.29	2	0.71	High LD
Y47D7A.2.1	STR_23910	0.3	V	7598251	0.3	2	0.75	High LD
Y47D7A.2.1	STR_27146	0.18	V	18965628	0.2	2	0.05	Low LD
Y47D7A.8.1	STR_29015	0.22	X	4546138	0.17	2	0.3	Moderate LD
Y47G6A.10.1	STR_19328	0.19	IV	8337815	0.18	2	0.91	High LD
Y47G6A.10.1	STR_23050	0.04	V	4415549	0.17	3	0.45	Moderate LD
Y47G6A.31.1	STR_21320	0.13	IV	16531671	0.33	2	0.32	Moderate LD
Y47G6A.32.1	STR_24546	0.19	V	10764626	0.2	2	0.62	Moderate LD
Y47G6A.32.1	STR_29315	0.14	X	8581338	0.17	2	0.52	Moderate LD
Y48E1C.2.2	STR_7815	0.54	II	5907776	0.57	2	0.96	High LD
Y48G1BM.6	STR_24803	0.55	V	10041860	0.72	2	0.75	High LD
Y48G1C.12.1	STR_11016	0.13	III	785992	0.13	2	1	High LD
Y48G1C.9.2	STR_41	0.23	I	1135670	0.36	2	0.27	Low LD
Y48G8AL.11a.1	STR_22478	0.21	V	1191	0.21	2	0.33	Moderate LD
Y48G8AL.11a.1	STR_29441	0.19	X	6769644	0.32	2	0.57	Moderate LD
Y48G8AL.11a.1	STR_8184	0.17	II	8699190	0.17	2	1	High LD
Y48G8AL.11a.2	STR_20924	0.13	IV	16421553	0.26	3	0.08	Low LD
Y48G8AL.11a.2	STR_22478	0.2	V	1191	0.24	2	0.33	Moderate LD
Y48G8AL.11a.2	STR_27945	0.18	X	1612592	0.25	2	0.65	Moderate LD
Y48G8AL.11a.2	STR_8184	0.21	II	8699190	0.21	2	1	High LD
Y48G8AR.2.1	STR_30481	0.15	X	13448004	0.18	2	0.56	Moderate LD
Y49F6C.1	STR_8184	0.36	II	8699190	0.36	2	1	High LD
Y49F6C.5.1	STR_8538	0.24	II	10723058	0.24	3	0.16	Low LD
Y49G5A.1.1	STR_31160	0.1	X	15390484	0.15	4	0.12	Low LD
Y50D4B.10	STR_21701	0.69	V	5979	0.69	2	1	High LD
Y50D4B.7	STR_21735	0.65	V	5979	0.65	2	1	High LD
Y50E8A.8	STR_22487	0.32	V	2342540	0.29	3	0.78	High LD
Y51H1A.3a.1	STR_12721	0.3	III	9399943	0.38	2	0.64	Moderate LD
Y51H1A.3a.1	STR_2242	0.26	I	2707175	0.29	2	0.74	High LD
Y51H1A.3a.2	STR_12721	0.37	III	9399943	0.47	2	0.64	Moderate LD
Y51H1A.3a.2	STR_2242	0.28	I	2707175	0.33	2	0.74	High LD
Y51H1A.3b.1	STR_24850	0.32	V	13589743	0.31	2	1	High LD
Y51H1A.3b.1	STR_27080	0.19	V	18849905	0.33	2	0.4	Moderate LD
Y51H1A.3b.1	STR_28533	0.34	X	1905739	0.39	2	0.82	High LD
Y51H1A.3b.1	STR_5603	0.26	I	13171417	0.33	2	0.49	Moderate LD
Y51H1A.3b.1	STR_5772	0.02	II	546631	0.29	3	0.17	Low LD
Y53C10A.24.1	STR_3773	0.19	I	10926712	0.21	2	0.53	Moderate LD
Y53F4B.11a.1	STR_10293	0.16	II	13949432	0.16	2	1	High LD
Y53F4B.17.1	STR_15394	0.36	III	12772042	0.22	2	0.48	Moderate LD
Y53F4B.20.1	STR_15394	0.16	III	12619451	0.22	2	0.44	Moderate LD
Y53F4B.20.1	STR_6004	0.18	II	2476363	0.2	2	0.1	Low LD
Y53G8AR.3a.2	STR_13084	0.27	III	5540044	0.28	2	0.95	High LD
Y54B9A.1.1	STR_30897	0.23	X	13905582	0.24	2	0.82	High LD
Y54F10BM.9.1	STR_20618	0.18	IV	15263521	0.35	2	0.32	Moderate LD
Y54G11A.3.1	STR_28284	0.15	X	1479451	0.27	2	0.18	Low LD
Y54G11A.6.1	STR_13123	0.19	III	4892173	0.62	3	0.22	Low LD
Y54G11A.6.1	STR_28234	0.13	X	717423	0.31	3	0.21	Low LD
Y54G11A.6.1	STR_30953	0.13	X	16028044	0.58	4	0.06	Low LD
Y54G11A.6.2	STR_13123	0.14	III	4892173	0.49	3	0.22	Low LD
Y54G11A.6.2	STR_29490	0.07	X	8007974	0.12	3	0.14	Low LD
Y54G11A.6.2	STR_31068	0.28	X	16028044	0.35	2	0.74	High LD
Y54G11A.6.2	STR_3395	0.33	I	14542418	0.4	2	0.63	Moderate LD
Y54G11A.6.2	STR_7815	0.25	II	6095043	0.36	2	0.77	High LD
Y54G11A.9.2	STR_20187	0.14	IV	13102870	0.14	2	0.92	High LD
Y54G11B.1.2	STR_15394	0.15	III	12619451	0.24	2	0.44	Moderate LD
Y54G11B.1.2	STR_25197	0.17	V	13722936	0.22	2	0.58	Moderate LD
Y54G2A.41.2	STR_4546	0.14	I	11330980	0.18	2	0.58	Moderate LD
Y55D9A.1c.1	STR_19851	0.37	IV	9026757	0.38	2	0.65	Moderate LD
Y55D9A.1c.1	STR_24546	0.25	V	11524044	0.25	2	0.49	Moderate LD
Y55D9A.1c.1	STR_29077	0.34	X	5067480	0.34	2	0.8	High LD
Y56A3A.14.1	STR_23050	0.02	V	4148393	0.18	3	0.41	Moderate LD
Y56A3A.14.1	STR_8184	0.2	II	8699190	0.2	2	1	High LD
Y56A3A.29b.1	STR_17168	0.17	IV	2278459	0.16	2	0.77	High LD
Y56A3A.36.2	STR_29537	0.13	X	8761573	0.15	2	0.51	Moderate LD
Y56A3A.7a.1	STR_24917	0.12	V	14649731	0.2	3	0.18	Low LD
Y56A3A.7a.1	STR_30457	0.15	X	13516932	0.15	2	0.51	Moderate LD
Y57A10B.6.1	STR_18270	0.37	IV	5433699	0.42	2	0.64	Moderate LD
Y57E12AL.3	STR_21618	0.17	IV	16567878	0.24	2	0.4	Moderate LD
Y57G11C.18	STR_6905	0.34	II	2458227	0.81	2	0.53	Moderate LD
Y57G11C.20.1	STR_6968	0.15	II	2458227	0.43	2	0.17	Low LD
Y57G11C.33a.2	STR_20761	0.15	IV	16605403	0.18	3	0.48	Moderate LD
Y57G11C.36.1	STR_26943	0.16	V	20310717	0.16	2	0.86	High LD
Y57G11C.46.1	STR_17832	0.19	IV	7156654	0.28	2	0.51	Moderate LD
Y57G11C.46.1	STR_226	0.18	I	1200305	0.19	2	0.54	Moderate LD
Y57G11C.46.1	STR_30129	0.21	X	11690885	0.22	2	0.07	Low LD
Y57G7A.8	STR_22451	0.52	V	2029472	0.65	2	0.85	High LD
Y58A7A.3.2	STR_23678	0.13	V	7587293	0.13	2	0.12	Low LD
Y59A8B.11a.1	STR_17088	0.07	IV	2069037	0.16	3	0.27	Low LD
Y59A8B.7.2	STR_27144	0.16	V	20067849	0.18	2	0.57	Moderate LD
Y59E9AL.2.1	STR_18708	0.37	IV	10931703	0.35	2	0.84	High LD
Y59H11AM.1.1	STR_18201	0.25	IV	4396037	0.26	2	0.5	Moderate LD
Y59H11AR.4.1	STR_7363	0.14	II	4524957	0.14	2	0.89	High LD
Y61B8A.4.1	STR_21340	0.2	IV	16464402	0.29	2	0.73	High LD
Y62E10A.11.1	STR_23401	0.22	V	5001295	0.22	2	0.34	Moderate LD
Y62E10A.11.1	STR_5012	0.14	I	13348750	0.25	2	0.29	Low LD
Y62E10A.11.2	STR_19343	0.13	IV	15707868	0.14	2	0.19	Low LD
Y62E10A.13g.1	STR_25066	0.13	V	14444778	0.15	2	0.35	Moderate LD
Y63D3A.2.1	STR_18305	0.15	IV	4665571	0.16	2	0.97	High LD
Y65B4BM.3.1	STR_24917	0.09	V	14654518	0.15	3	0.18	Low LD
Y66D12A.16d.1	STR_6258	0.15	II	306200	0.02	2	0.03	Low LD
Y67D8C.9a.2	STR_17544	0.16	IV	1724496	0.16	2	0.27	Low LD
Y67H2A.10b.1	STR_19488	0.13	IV	10065783	0.12	2	0.78	High LD
Y68A4B.1.1	STR_25758	0.19	V	19299140	0.06	2	0.05	Low LD
Y69E1A.2.1	STR_19365	0.21	IV	9116894	0.17	2	0.93	High LD
Y69E1A.2.2	STR_19365	0.15	IV	8354063	0.12	2	0.83	High LD
Y69H2.3a.1	STR_28214	0.18	X	1905739	0.41	3	0.13	Low LD
Y69H2.3a.1	STR_5772	0.01	II	587549	0.39	3	0.09	Low LD
Y69H2.3b.1	STR_20698	0.04	IV	15194433	0.18	3	0.16	Low LD
Y69H2.3d.1	STR_28214	0.24	X	1905739	0.56	3	0.13	Low LD
Y69H2.3d.1	STR_5772	0.01	II	587549	0.53	3	0.09	Low LD
Y69H2.3e.1	STR_28214	0.19	X	1905739	0.45	3	0.13	Low LD
Y69H2.3e.1	STR_5772	0	II	587549	0.51	3	0.09	Low LD
Y69H2.3g.1	STR_20698	0	IV	13190783	0.12	3	0.12	Low LD
Y69H2.3g.1	STR_28508	0.14	X	1905739	0.2	2	0.51	Moderate LD
Y69H2.3g.1	STR_4927	0.14	I	13171417	0.15	2	0.56	Moderate LD
Y69H2.3i.1	STR_20698	0.04	IV	14704638	0.19	3	0.63	Moderate LD
Y6E2A.4.2	STR_24029	0.23	V	13107959	0.18	2	0.23	Low LD
Y6E2A.4.2	STR_26419	0.13	V	19299140	0.17	2	0.44	Moderate LD
Y6E2A.4.2	STR_28759	0.14	X	6895081	0.27	2	0.2	Low LD
Y6E2A.4.2	STR_4927	0.15	I	13410898	0.13	2	0.92	High LD
Y6E2A.5.1	STR_24724	0.25	V	14444778	0.28	2	0.4	Moderate LD
Y70C5C.5	STR_27108	0.14	V	20410593	0.14	3	0.24	Low LD
Y71A12B.11.1	STR_23050	0.05	V	4415549	0.17	3	0.45	Moderate LD
Y71A12B.12a.1	STR_21181	0.16	IV	16397070	0.16	2	0.84	High LD
Y71D11A.1a.1	STR_31128	0.14	X	14955875	0.09	2	0.59	Moderate LD
Y71D11A.1b.1	STR_24917	0.14	V	14654518	0.23	3	0.17	Low LD
Y71D11A.1b.1	STR_31128	0.14	X	14955875	0.11	2	0.59	Moderate LD
Y71F9AL.10b.1	STR_26927	0.27	V	19670569	0.06	2	0.03	Low LD
Y71G12A.3a.1	STR_24917	0.09	V	14649731	0.18	3	0.18	Low LD
Y71G12B.11c.1	STR_24917	0.16	V	14650622	0.21	3	0.13	Low LD
Y71G12B.11c.1	STR_31128	0.17	X	14955875	0.13	2	0.62	Moderate LD
Y71G12B.18b.1	STR_10503	0.2	II	15111383	0.14	2	0.11	Low LD
Y71G12B.31a.1	STR_25066	0.13	V	14649731	0.17	2	0.43	Moderate LD
Y71G12B.35.1	STR_21167	0.17	IV	16040562	0.23	2	0.58	Moderate LD
Y71H2B.2.2	STR_18216	0.24	IV	4118251	0.24	2	0.3	Moderate LD
Y71H2B.2.2	STR_6418	0.03	II	2154970	0.21	3	0.27	Low LD
Y73B3A.13	STR_20924	0.05	IV	16027005	0.19	3	0.18	Low LD
Y73B3A.18	STR_27396	0.23	X	1557523	0.19	2	0.52	Moderate LD
Y73B3A.20.2	STR_27396	0.25	X	1543421	0.24	2	0.75	High LD
Y73B3A.32	STR_27573	0.49	X	1557523	0.46	2	0.94	High LD
Y73B3B.2.1	STR_9086	0	II	12181192	0.49	3	0.5	Moderate LD
Y73B6BL.14.1	STR_20598	0.32	IV	14558022	0.36	2	0.62	Moderate LD
Y73B6BL.28	STR_18736	0.25	IV	14376436	0.27	2	0.46	Moderate LD
Y73B6BL.28	STR_2132	0.21	I	3694839	0.21	2	1	High LD
Y73B6BL.43.1	STR_19488	0.13	IV	10940663	0.14	2	0.45	Moderate LD
Y73B6BL.44.1	STR_8233	0.13	II	9189408	0.13	2	0.76	High LD
Y73F8A.25c.1	STR_20618	0.38	IV	14438190	0.4	2	0.59	Moderate LD
Y73F8A.26a.1	STR_25367	0.02	V	15319226	0.16	3	0.36	Moderate LD
Y73F8A.31	STR_8184	0.2	II	8404773	0.21	2	0.85	High LD
Y74C9A.5.1	STR_14064	0.14	III	9880014	0.14	2	1	High LD
Y75B8A.35c.1	STR_23867	0.3	V	4332518	0.26	2	0.28	Low LD
Y75B8A.35c.1	STR_29666	0.24	X	9464216	0.3	2	0.79	High LD
Y76A2B.2.1	STR_24705	0.16	V	14444778	0.18	2	0.32	Moderate LD
Y77E11A.12b.1	STR_27897	0.15	X	2342032	0.13	2	0.68	Moderate LD
Y80D3A.5.2	STR_20924	0.05	IV	16047511	0.17	3	0.21	Low LD
Y80D4G.1	STR_16958	0.07	IV	1465138	0.32	3	0.06	Low LD
Y87G2A.16.1	STR_24899	0.23	V	13704401	0.26	2	0.83	High LD
Y87G2A.8a.2	STR_2763	0.15	I	5962443	0.17	2	0.87	High LD
Y95D11A.5.1	STR_2433	0.14	I	3210073	0.18	2	0.08	Low LD
Y95D11A.5.1	STR_26039	0.19	V	18457487	0.19	2	0.41	Moderate LD
ZC123.1.2	STR_20542	0	IV	14412461	0.1	3	0.11	Low LD
ZC317.6.1	STR_23355	0.13	V	4436657	0.17	2	0.24	Low LD
ZC395.5.1	STR_24921	0.13	V	14647434	0.13	2	0.61	Moderate LD
ZC412.10.2	STR_26891	0.19	V	20196542	0.19	2	0.83	High LD
ZC412.1a.1	STR_5296	0.18	I	14400674	0.19	2	0.62	Moderate LD
ZC412.3b.1	STR_4338	0.15	I	13352378	0.05	2	0	Low LD
ZC416.1.1	STR_24899	0.15	V	13914214	0.15	2	0.97	High LD
ZC455.6a.1	STR_15596	0.17	III	12772042	0.2	2	0.55	Moderate LD
ZC455.6a.1	STR_25061	0.08	V	14699598	0.19	3	0.55	Moderate LD
ZC47.3.2	STR_31160	0.03	X	15199679	0.18	4	0.04	Low LD
ZC47.3.2	STR_6612	0.18	II	3748259	0.22	2	0.21	Low LD
ZC47.6.1	STR_12296	0.47	III	3350144	0.5	2	0.86	High LD
ZC513.4.1	STR_25061	0.14	V	13709420	0.17	3	0.51	Moderate LD
ZC513.4.1	STR_3499	0.16	I	8484435	0.15	2	0.33	Moderate LD
ZC53.1.2	STR_27688	0.06	X	808062	0.32	3	0.36	Moderate LD
ZC84.1.1	STR_10490	0.13	II	15120251	0.12	2	0.73	High LD
ZK1058.2.2	STR_30425	0.13	X	11652511	0.15	2	0.51	Moderate LD
ZK1127.5.2	STR_7770	0.29	II	5860356	0.3	2	0.95	High LD
ZK121.1a.1	STR_13073	0.15	III	3339049	0.16	2	0.53	Moderate LD
ZK1290.8.1	STR_9664	0.08	II	13265642	0.22	3	0.11	Low LD
ZK154.7.2	STR_27108	0.14	V	20001672	0.14	3	0.25	Low LD
ZK177.8b.1	STR_7796	0.23	II	6662962	0.28	2	0.82	High LD
ZK177.8b.2	STR_7796	0.23	II	6662962	0.27	2	0.82	High LD
ZK180.5b.1	STR_24917	0.11	V	14649731	0.17	3	0.18	Low LD
ZK180.5b.2	STR_10490	0.13	II	14258126	0.13	2	0.39	Moderate LD
ZK180.5c.1	STR_28113	0.15	X	2611687	0.16	2	0.63	Moderate LD
ZK180.6b.1	STR_18432	0.14	IV	6341638	0.16	2	0.5	Moderate LD
ZK218.5.1	STR_18956	0.19	IV	4267111	0.11	3	0.17	Low LD
ZK228.1.1	STR_18372	0.18	IV	4035975	0.22	2	0.45	Moderate LD
ZK262.2.1	STR_24917	0.14	V	14649731	0.14	3	0.17	Low LD
ZK262.3.1	STR_25066	0.23	V	19793012	0.17	2	0.05	Low LD
ZK287.4a.1	STR_24917	0.14	V	14654518	0.2	3	0.18	Low LD
ZK354.1.1	STR_19365	0.29	IV	8752110	0.27	2	0.9	High LD
ZK354.9.1	STR_16450	0.23	IV	1024470	0.3	2	0.76	High LD
ZK355.2a.2	STR_23733	0.15	V	13629698	0.2	2	0.09	Low LD
ZK355.2a.2	STR_8259	0.14	II	10258422	0.09	2	0.17	Low LD
ZK402.1.1	STR_20924	0.24	IV	16114207	0.2	3	0.15	Low LD
ZK402.5.1	STR_23910	0.25	V	7596063	0.32	2	0.22	Low LD
ZK402.5.1	STR_499	0.3	I	345372	0.29	2	0.59	Moderate LD
ZK402.5.1	STR_5706	0.46	I	14106800	0.39	3	0.28	Low LD
ZK546.3	STR_7313	0.33	II	6453819	0.32	2	0.67	Moderate LD
ZK563.7.1	STR_30412	0.17	X	13774338	0.2	2	0.11	Low LD
ZK6.10a.1	STR_29396	0.2	X	7334123	0.35	3	0.06	Low LD
ZK6.10a.2	STR_29396	0.19	X	7334123	0.25	3	0.06	Low LD
ZK617.1e.1	STR_5203	0.16	I	13989722	0.15	2	0.96	High LD
ZK617.1e.1	STR_5762	0.13	II	473231	0.13	2	0.74	High LD
ZK6.3.1	STR_30308	0.29	X	12537311	0.28	2	0.16	Low LD
ZK637.18	STR_20521	0.01	IV	15510117	0.14	3	0.06	Low LD
ZK637.5.1	STR_20916	0.15	IV	16047511	0.09	2	0.08	Low LD
ZK637.6	STR_21198	0.23	IV	17300072	0.18	2	0.17	Low LD
ZK637.6	STR_226	0.18	I	981568	0.29	2	0.59	Moderate LD
ZK637.9.1	STR_13708	0.15	III	6478910	0.17	2	0.23	Low LD
ZK662.5.1	STR_27447	0.15	X	769345	0.22	2	0.74	High LD
ZK662.5.1	STR_4338	0.14	I	11789362	0.2	2	0.07	Low LD
ZK666.15.2	STR_9255	0.51	II	12618952	0.84	3	0.45	Moderate LD
ZK669.4.1	STR_21233	0.15	IV	17231741	0.1	2	0.04	Low LD
ZK669.4.1	STR_30956	0.07	X	14058968	0.41	3	0.06	Low LD
ZK669.4.2	STR_25877	0.17	V	20060851	0.01	2	0.04	Low LD
ZK678.3	STR_20916	0.14	IV	16033284	0.18	2	0.01	Low LD
ZK783.1d.1	STR_24724	0.16	V	16535765	0.07	2	0.14	Low LD
ZK783.1g.1	STR_9664	0.09	II	13339660	0.1	3	0.06	Low LD
ZK892.1d.1	STR_24917	0.13	V	13722936	0.15	3	0.24	Low LD
ZK899.7.1	STR_10679	0.25	II	14951586	0.25	2	1	High LD
ZK899.7.1	STR_24546	0.15	V	11516185	0.19	2	0.74	High LD
ZK899.7.1	STR_29599	0.28	X	8249407	0.28	2	0.91	High LD
ZK993.1a.1	STR_18305	0.17	IV	7858491	0.16	2	0.49	Moderate LD
ZK993.1a.1	STR_23401	0.13	V	4415549	0.21	2	0.43	Moderate LD
