strain	deletion	insertion	substitution	Total_mutation
AB1	3.38484179543782	1.60832544938505	1.7870282770945	6.78019552191738
BRC20067	5.32878610252584	2.24341894916338	2.3926249600341	9.96483001172333
BRC20263	6.39468493719506	2.70424582165473	2.70943631267518	11.808367071525
CB4852	3.06686510045711	1.38194961199107	1.50951419155948	5.95832890400765
CB4854	6.03680189389863	2.5395458947595	2.6310125901216	11.2073603787797
CB4856	9.93074173369079	5.06590705987489	4.73637176050045	19.7330205540661
CB4932	4.49189189189189	2.03783783783784	2.02162162162162	8.55135135135135
CX11254	5.95485920894051	2.64599539826887	2.58573463350499	11.1865892407144
CX11262	6.63599830795262	2.93464467005076	2.96637055837563	12.537013536379
CX11264	6.82236913406308	3.18630107293812	3.17546331418663	13.1841335211878
CX11271	5.70886875921635	2.27512112913419	2.43311565199073	10.4171055403413
CX11276	4.94913098770666	2.2414158541755	2.58584145824502	9.77638830012717
CX11285	7.12853524693964	3.08674546222035	3.18699873364289	13.4022794428029
CX11292	5.29808649485676	2.11812852560557	2.4167680566309	9.83298307709324
CX11307	6.23240199263591	2.49620965995235	2.81568117825428	11.5442928308425
CX11314	6.03091661223601	2.55824080121925	2.56912693228826	11.1582843457435
CX11315	5.19405795585312	2.60487498692332	2.60487498692332	10.4038079296998
DL200	6.90257061250397	3.05723050883317	2.94615465989633	12.9059557812335
DL226	5.68983957219251	2.1283422459893	2.97326203208556	10.7914438502674
DL238	9.99221962876514	4.57374680449039	4.65155051683895	19.2175169500945
ECA1069	6.25867036602284	2.76384590758724	2.88122932451179	11.9037455981219
ECA1074	5.23804359613925	2.4075479882876	2.50515128511007	10.1507428695369
ECA1185	16.41325749289	8.45001093852549	9.66418726755633	34.5274556989718
ECA1186	12.0995593664404	5.87114445635346	6.15100631177802	24.1217101345719
ECA1187	16.6953343367018	8.53042356482477	9.25069877445711	34.4764566759837
ECA1191	16.6592625499778	8.49622390048867	9.56241670368725	34.7179031541537
ECA1192	16.5298069745121	8.52084888557108	9.6726031779887	34.7232590380719
ECA1193	16.6924778761062	8.37942477876106	9.61283185840708	34.6847345132743
ECA1194	16.4878911865531	8.44852372000442	9.55435143204689	34.4907663386044
ECA1195	16.1219676549865	8.14802336028751	9.22057502246182	33.4905660377358
ECA1196	16.0903196450916	8.55420316232511	9.61210328745308	34.2566260948698
ECA1200	8.94106423574306	4.25058299766801	4.25058299766801	17.4422302310791
ECA1202	15.7821378792752	8.57724884743219	9.1615739251635	33.5209606518709
ECA1206	16.0092185657627	8.64508521813699	8.89162825597599	33.5459320398757
ECA1208	15.8397989290788	8.37613375587367	9.25035515244236	33.4662878373948
ECA1212	16.0431890064347	8.37059657541717	9.0740538771949	33.4878394590468
ECA1216	16.135523167283	8.33152055688493	9.30498150968023	33.7720252338482
ECA1223	16.1096039066739	8.44818231144873	8.88768312533912	33.4454693434617
ECA1225	15.9939624329159	8.04449910554562	9.26319320214669	33.3016547406082
ECA1228	15.9734611953613	8.04527207850134	9.22167707404103	33.2404103479037
ECA1229	15.8156028368794	8.74522640480087	9.21985815602837	33.7806873977087
ECA1232	16.549688057041	8.31662210338681	9.3081550802139	34.1744652406417
ECA1237	16.2360411648785	8.72564046419969	9.31683818699365	34.2785198160718
ECA1238	16.5834599522466	8.66073366616019	9.27393097460386	34.5181245930106
ECA1240	16.9171270718232	8.2817679558011	9.26519337016575	34.4640883977901
ECA1242	16.4545454545455	8.31818181818182	9.78409090909091	34.5568181818182
ECA1243	9.41408821593153	4.43822690366469	4.73996050032916	18.5922756199254
ECA1247	16.1827311428883	8.72721318633337	8.8636611723611	33.7736055015828
ECA1251	16.3795032445737	8.30722756768852	9.72253300514656	34.4092638174088
ECA1252	16.2162162162162	8.70870870870871	9.43800943800944	34.3629343629344
ECA1253	16.4191329037894	8.48531178333515	9.09686578573769	34.0013104728623
ECA1255	8.54802198986741	4.1284898135173	4.3548560957206	17.0313678991053
ECA1257	8.93996755002704	4.11032990805841	4.39697133585722	17.4472687939427
ECA1260	9.98690956692484	4.83255154358023	4.90891240318534	19.7283735136904
ECA1261	16.1331841074426	8.31561275881365	8.78007834359261	33.2288752098489
ECA1269	9.79109400769654	4.48598130841121	4.76085761407367	19.0379329301814
ECA1271	9.84932417460669	4.50365610458675	4.75847551517837	19.1114557943718
ECA1276	16.1441835062807	8.41070453304205	9.14800655379574	33.7028945931185
ECA1278	16.1221357307313	8.60103058875123	8.99572415305339	33.7188904725359
ECA1281	16.2424503882657	8.61194995685936	9.03257118205349	33.8869715271786
ECA1283	16.2984327383544	8.33696125380932	8.88659120592077	33.5219851980845
ECA1284	16.1512403016064	8.69303901212982	9.1738607802426	34.0181400939788
ECA1286	16.0301616578062	8.91287837691223	8.92915265270696	33.8721926874254
ECA1287	15.1505090748119	7.29858344400177	7.97919433377601	30.4282868525896
ECA1288	9.85659246575342	4.51091609589041	4.96575342465753	19.3332619863014
ECA1289	16.3446676970634	8.53389269154339	8.88165157871495	33.7602119673217
ECA1293	15.9982843662878	8.81942955179069	9.09822003002359	33.9159339481021
ECA1298	8.9226489782818	4.43457793944581	4.52551620840912	17.8827431261367
ECA1316	5.06586698082896	2.17950091035665	2.34550712220199	9.5908750133876
ECA1409	14.5711391265196	7.55290409725349	8.25078793336335	30.3748311571364
ECA1413	8.75865051903114	4.23334775086505	4.22794117647059	17.2199394463668
ECA1493	18.388087922477	9.09359489482392	9.53084377215788	37.0125265894588
ECA1693	11.9366556930412	5.55681689181519	6.37983880122602	23.8733113860824
ECA1713	18.557516737675	9.30006086427267	9.59829580036519	37.4558734023128
ECA1717	16.8443260048856	8.44992227403953	9.12169664667999	34.4159449256052
ECA1725	16.7452830188679	7.92340521114106	9.19249775381851	33.8611859838275
ECA1751	14.0853460413733	7.72230044405935	8.12845229069642	29.9360987761291
ECA1757	9.54298150163221	4.70620239390642	4.63003264417845	18.8792165397171
ECA1761	16.5904674819979	8.02377414561664	9.40678934735398	34.0210309749686
ECA1769	15.9703283516963	8.53059888731319	9.01058143340242	33.5115086724119
ECA1793	16.8946497517926	8.5107556536128	9.31605074462217	34.7214561500276
ECA1805	8.81521739130435	4.03260869565217	4.15760869565217	17.0054347826087
ECA1807	9.33130356337393	4.57825890843482	4.81506540369869	18.7246278755074
ECA1815	8.45389287686361	4.00883489784649	4.17448923246825	16.6372170071784
ECA1821	16.7234557045504	8.32600571554188	9.0679270169268	34.1173884370191
ECA1825	14.5172180958812	7.08417735764123	8.32207967589467	29.9234751294171
ECA1843	16.4728469555677	8.26110806363138	9.0016456390565	33.7356006582556
ECA1851	17.3653029286832	8.42275877487145	9.52939861390566	35.3174603174603
ECA1853	8.62957791859091	4.23155407582429	4.01675437654387	16.8778863709591
ECA1875	9.02747492368077	4.19210641081553	4.10488443087658	17.3244657653729
ECA1885	16.5634151835999	8.18314935796351	9.54043703536833	34.2870015769317
ECA1887	8.67290748898678	3.95374449339207	4.57599118942731	17.2026431718062
ECA1889	8.67688813174333	4.11697898921068	4.33276547416241	17.1266325951164
ECA189	8.81258637185075	4.44881471244818	4.37440204103327	17.6358031253322
ECA1891	16.1619137402781	7.80108413858119	8.961819467358	32.9248173462173
ECA1901	8.32781091230395	3.93748619394743	4.31301082394522	16.5783079301966
ECA191	16.288242191664	8.62381409231425	8.90629996802047	33.8183562519987
ECA1919	15.9554931403262	8.67451658204602	9.0364048827914	33.6664146051637
ECA1925	17.7217332430603	8.54208982171068	9.60279846535771	35.8666215301286
ECA1937	9.55068493150685	4.4986301369863	4.71232876712329	18.7616438356164
ECA1939	9.57120980091884	4.78560490045942	4.34806388098884	18.7048785823671
ECA1943	9.76156622552773	4.65383353385103	4.79601881220606	19.2114185715848
ECA1969	15.9194776931447	8.38411316648531	9.20565832426551	33.5092491838955
ECA1977	9.71818385148736	4.63542831581302	4.35584880339969	18.7094609707001
ECA1997	16.1149630955044	8.20845448445538	9.00246029970924	33.325877879669
ECA2041	8.70462942838513	4.09693544881547	4.55879156705064	17.3603564442512
ECA2043	16.4737610967524	8.2874480278683	9.34936509720193	34.1105742218227
ECA2073	15.8731031449307	8.51660435451946	9.01143611172201	33.4011436111722
ECA2081	16.1985737794844	8.47504114097641	9.25946242457488	33.9330773450357
ECA2091	16.1225428210139	8.25957006552477	8.34578687205426	32.7278997585929
ECA2109	17.4542060436355	8.31874927079687	9.67798389919496	35.4509392136274
ECA2111	8.77289176444786	4.25485250575721	4.20550498958219	17.2332492597873
ECA2119	11.3478207789037	5.81736051764131	5.63423269442071	22.7994139909657
ECA2151	13.4922370435163	6.95932648152198	6.94839273999563	27.3999562650339
ECA2155	16.6980609418283	7.95567867036011	9.21329639889197	33.8670360110803
ECA2159	16.8289983397897	8.262313226342	9.131156613171	34.2224681793027
ECA2183	17.0256042115339	8.14788226848528	9.72122517348648	34.8947116535056
ECA2187	16.8791258820851	8.31436376052811	9.41270202595038	34.6061916685636
ECA2191	18.4676923076923	9.21230769230769	9.64307692307692	37.3230769230769
ECA2195	18.8466257668712	8.88957055214724	9.46625766871166	37.2024539877301
ECA2199	16.8014934660859	8.62476664592408	9.34038581207218	34.7666459240821
ECA2251	15.8225734639359	8.36487088156723	9.10507569011576	33.2925200356189
ECA2281	16.4406218987761	8.32506340280075	9.27886205755872	34.0445473591355
ECA2291	16.5268734135305	8.0509877496965	9.34775411102527	33.9256152742523
ECA2332	9.41632965351405	4.41578314569898	4.51961963056072	18.3517324297737
ECA2334	15.6764739293423	7.62240145404976	8.96285357264569	32.2617289560377
ECA2336	16.4673311184939	8.40531561461794	9.28571428571429	34.1583610188261
ECA2344	8.9062669707831	4.07841859454763	4.12186379928315	17.1065493646139
ECA2350	8.90957446808511	3.83976063829787	4.5489804964539	17.2983156028369
ECA2360	16.2245597987651	8.23805168076835	9.20992453693117	33.6725360164647
ECA2367	16.5142394072702	7.76221347534151	9.2266728409354	33.5031257235471
ECA2377	10.0591715976331	4.07502512001786	5.04633247739198	19.180529195043
ECA2417	16.0956304889949	8.78781307600564	9.0534533232137	33.9368968882142
CB4851	2.43510095407144	1.05391613046372	1.2147770135345	4.70379409806967
ECA2437	10.0845803513338	5.00433745391455	5.15614834092388	20.2450661461722
ECA2443	16.1931818181818	8.73579545454546	9.01988636363636	33.9488636363636
ECA2452	9.29843352523765	4.06346231088499	4.4316508234034	17.793546659526
CB4853	5.30469321626424	2.40409741820842	2.40409741820842	10.1128880526811
ECA2467	9.72253175841319	4.46289280142634	4.65232895030087	18.8377535101404
ECA2473	16.0428095084436	8.56727976766699	8.79853716252555	33.4086264386361
ECA2475	16.1346551911973	9.06416821004467	9.11319315829611	34.3120165595381
CB4855	6.10814419225634	2.64241210502893	2.92612372051624	11.6766800178015
ECA2481	10.1136122318964	4.88957315778297	4.69314079422383	19.6963261839032
ECA2482	15.8238884045336	8.57127288578901	9.25239755884917	33.6475588491718
ECA2489	15.8976285009121	8.46657366670244	8.94945809636227	33.3136602639768
CB4857	5.80777982446636	2.28085383031748	2.69259941488785	10.7812330696717
CB4858	5.37634408602151	2.25806451612903	2.49462365591398	10.1290322580645
ECA2522	5.77892261171464	2.30708925971553	2.80546533766379	10.891477209094
ECA2523	8.77772798565987	4.14519381581896	4.27963253416984	17.2025543356487
ECA2527	6.18919825561892	2.72839092027284	3.05266689030527	11.970256066197
ECA2529	5.53370479624167	2.2834043483011	2.48552387195455	10.3026330164973
ECA2533	7.25124647734663	3.23000216778669	3.24626056796011	13.7275092130934
ECA2536	5.59596178897091	2.35019539730786	2.63243595310465	10.5785931393834
ECA2546	5.19161480510973	2.04716672125778	2.39654984168577	9.63533136805328
ECA2549	5.16851512867449	2.42274146656617	2.44427694626898	10.0355335415096
ECA2551	6.05572824156306	2.63654529307282	2.93072824156306	11.6230017761989
ECA2554	4.89099417874672	2.14016664764296	2.33991553475631	9.37107636114599
ECA2555	6.10810187852945	2.82355652875418	2.7255964042872	11.6572548115708
ECA2559	5.15684946964568	2.18348002708192	2.48250959151433	9.82283908824193
ECA2560	4.42891725352113	2.08516725352113	1.953125	8.46720950704225
ECA2561	7.56227758007117	3.31961743772242	4.06472419928826	14.9466192170819
ECA2565	2.37625930792816	1.00197109067017	1.1826544021025	4.56088480070083
ECA2568	4.53587732646611	1.96652229895821	2.15381013695423	8.65620976237856
ECA2581	11.6225165562914	5.7560706401766	6.07615894039735	23.4547461368653
ECA2583	5.27173341742878	2.31262482918112	2.42825607064018	10.0126143172501
ECA2584	5.63814557868076	2.38960466908931	2.67591674925669	10.7036669970268
PB306	6.60710464369784	3.02268350096298	3.19922961694843	12.8290177616092
ECA2594	5.37117903930131	2.32532751091703	2.67467248908297	10.3711790393013
ECA2595	9.05538566089025	3.75467210329596	4.86465058330502	17.6747083474912
ECA2601	7.14362676435729	3.41558021764896	3.79269475272061	14.3519017347269
ECA2602	4.17862662839479	1.78295429454626	1.99271362331641	7.95429454625745
ECA2603	4.21360724541639	1.87762314998896	1.93836978131213	8.02960017671747
ECA2607	3.50972508964468	1.68423340215147	1.96674997283495	7.1607084646311
ECA2609	5.86765185265674	2.2546995544931	2.77626860806259	10.8986200152124
ECA2612	7.19713656387665	3.45264317180617	3.90418502202643	14.5539647577093
ECA2615	4.46123304290283	1.84184404985111	2.17822874159038	8.48130583434433
ECA2641	4.84397086006306	2.13656627161031	1.91366750027183	8.8942046319452
ECA2648	5.66293842979694	2.29123683353241	2.50298620914323	10.4571614724726
ECA2656	5.04266873545384	2.36063393549817	2.49916879086778	9.90247146181979
ECA2659	6.94365070293748	3.18322093953595	3.63470110869814	13.7615727511716
ECA2660	7.04022988505747	3.18965517241379	3.49425287356322	13.7241379310345
ECA2672	6.05417754569191	2.63272410791993	2.8503046127067	11.5372062663185
ECA2676	5.95978671406354	2.65496556320818	2.83270384359031	11.447456120862
ECA347	15.8824199612624	8.22604534579013	8.96661729520337	33.0750826022559
ECA348	7.38051370976482	3.46808280047686	3.58187926736751	14.4304757776092
ECA349	6.00603726449464	2.61788279379619	2.89372332674092	11.5176433850317
ECA36	16.6075077982145	8.57803592556739	9.13197805743788	34.3175217812197
ECA363	16.5499310198451	8.44210973150801	9.19027910431922	34.1823198556723
ECA369	10.8347433728144	5.22842639593909	5.07050197405527	21.1336717428088
ECA372	8.06754221388368	3.82009589326662	4.19011882426517	16.0777569314155
ECA396	15.4383026242323	8.20212171970966	8.10161920714684	31.7420435510888
ECA592	7.98694232861806	3.93362350380849	3.61262241566921	15.5331882480958
ECA593	8.91636836967133	4.32259464150125	4.21954658856709	17.4585095997397
ECA594	8.24915824915825	3.81231671554252	3.80145541435864	15.8629303790594
ECA640	5.96012136974426	2.67121803207629	2.86085825747724	11.4921976592978
ECA701	15.8508991306419	7.8659044896987	8.29462903417887	32.0114326545195
ECA703	10.2513227513228	5.12566137566138	5.0760582010582	20.4530423280423
ECA705	9.12510748065348	4.08426483233018	4.20786758383491	17.4172398968186
ECA706	9.61180973209404	4.313832695462	4.81683980317113	18.7424822307272
ECA710	8.78787878787879	3.82575757575758	4.40476190476191	17.0183982683983
ECA712	8.9900947459087	4.01593453919035	4.30663221360896	17.312661498708
ECA722	16.0280831609884	8.49570044628279	9.11069990203548	33.6344835093066
ECA723	16.2613309750166	8.37386690249834	9.21401724519125	33.8492151227062
ECA724	15.7797567332754	7.7758470894874	9.05734144222415	32.612945264987
ECA730	16.0563070493786	8.24810293632465	9.21038161222919	33.5147915979325
ECA732	9.70132743362832	4.1537610619469	4.86172566371681	18.716814159292
ECA733	9.45357570480026	4.44650048982258	4.63154457385436	18.5316207684772
ECA738	8.92006065857886	4.08903812824957	4.34900346620451	17.3581022530329
ECA740	16.5509641873278	7.93939393939394	9.27823691460055	33.7685950413223
ECA741	16.3976442360127	8.23426764096412	9.17766386737921	33.809575744356
ECA742	16.5851761306812	7.91199022113568	8.77875319479942	33.2759195466163
ECA743	8.47319978343259	4.12019491066595	4.32593394694099	16.9193286410395
ECA744	15.6066806769163	8.33425506028094	8.78774471850459	32.7286804557018
ECA745	15.9154777345439	8.57652399481193	9.01426718547341	33.5062689148292
ECA746	15.8072369149054	8.14982848290362	8.80823282062631	32.7652982184353
ECA760	8.9156885969635	4.18326693227092	4.62474426617853	17.7236997954129
ECA768	9.27818241113165	4.3048157408414	4.31025111425155	17.8932492662246
ECA777	9.02643455834945	3.99204814098431	4.55082742316785	17.5693101225016
ECA778	8.78631928808834	4.11707944676745	4.30470676530503	17.2081055001608
ECA807	9.55611026698502	4.63967874972867	4.34121988278706	18.5370088995008
ECA812	9.41296634770455	4.32211590151597	4.25760670895603	17.9926889581765
ECA923	6.8226547124426	2.76623660616663	3.09424885195714	12.6831401705664
ECA928	7.77789958342469	3.45319008989257	3.46415259811445	14.6952422714317
ECA930	5.32831588132635	2.27966841186736	2.5305410122164	10.1385253054101
ED3005	5.96489327121032	2.56799219850471	2.58966301874526	11.1225484884603
ED3011	6.12112706466587	2.60714671272806	2.70430745978625	11.4325812371802
ED3012	1.88872148084374	0.791003013344813	0.807145931984503	3.48687042617305
ED3017	3.61045398220119	1.81930832488453	1.31801284217641	6.74777514926214
ED3040	6.49428415895482	2.8198149156233	2.71094175285792	12.025040827436
ED3046	6.35175664095973	2.64567266495287	2.90274207369323	11.9001713796058
ED3048	5.31973539140022	2.13891951488423	2.26571113561191	9.72436604189636
ED3049	6.18254217751231	2.65115791679765	3.01267945090642	11.8463795452164
ED3052	6.23429648241206	2.70623953098827	2.87897822445561	11.8195142378559
ED3073	5.79773800373339	2.56396178763588	2.55847150543538	10.9201712968047
ED3077	5.67240280433397	2.45379222434672	2.56001699596346	10.6862120246441
EG4347	3.01184990125082	1.15207373271889	1.44832126398947	5.61224489795918
EG4349	7.15185224052891	3.25322699128975	3.48934830517368	13.8944275369923
EG4724	6.79876094851527	3.10831019013031	2.96411023285623	12.8711813715018
EG4725	7.36545474638082	3.35948723615869	3.39816554315394	14.1231075256934
EG4946	4.22512234910277	1.84883088635128	1.76726481783578	7.84121805328983
GXW1	5.37287771330324	2.40704921555985	2.6488287126585	10.4287556415216
JR4305	7.10991957104558	3.3887399463807	3.48525469168901	13.9839142091153
JT11398	4.74329178111135	2.1762095922248	2.30297908303402	9.22248045637017
JU1088	5.56348857644991	2.3176625659051	2.3341388400703	10.2152899824253
JU1172	5.23236919077023	2.15577943884736	2.361607626476	9.7497562560936
JU1200	1.26095319512716	0.448813849113058	0.619790553537081	2.3295575977773
JU1212	3.80190643146708	1.98860523720828	1.93382272378657	7.72433439246193
JU1213	6.27388535031847	3.05732484076433	2.80785562632696	12.1390658174098
JU1242	6.83914510686164	2.99775028121485	2.95838020247469	12.7952755905512
JU1246	6.38038171327119	3.04593874833555	3.15135375055482	12.5776742121616
JU1249	2.12000991817506	0.502107612199355	0.514505331019092	3.1366228613935
JU1395	3.51237436507079	1.56165567923917	1.76699448827407	6.84102453258403
JU1400	6.63876950916082	2.88396290432029	3.03098846414838	12.5537208776295
JU1409	5.50257179597085	2.34676382340334	2.42177453921989	10.2711101585941
JU1440	4.19382412650924	1.97670691313174	1.9660220108986	8.13655305053959
JU1491	6.42458100558659	2.77718091963902	2.4172754619682	11.6190373871938
JU1530	5.34550891808181	2.66474420591691	2.29093239346363	10.3011855174624
JU1543	2.1387529261545	0.978931687593105	0.957650563949777	4.07533517769738
JU1568	1.86147186147186	0.892857142857143	0.844155844155844	3.59848484848485
JU1581	7.07959822875041	3.234690571336	3.31029268819527	13.6245814882817
JU1586	2.06522905267675	1.00311125415728	0.970925866323356	4.03926617315739
JU1652	5.86815838543381	2.7092245256115	2.69277174509159	11.2701546561369
JU1666	7.1346853874155	3.16172646905876	3.07332293291732	13.3697347893916
JU1792	3.6058939503995	1.62913769845388	1.63951437169244	6.87454602054581
JU1793	7.85098202223839	3.76182063805466	3.75142886833628	15.3642315286293
JU1808	5.2434456928839	2.5384935497295	2.35642946317104	10.1383687057844
JU1896	5.05245720596356	2.34676974047488	2.63942573163998	10.0386526780784
JU1934	5.78520980473619	2.7731616119651	2.85625259659327	11.4146240132946
JU2001	7.86672344049393	3.47030019161167	3.38513945071322	14.7221630828188
JU2007	5.83745657437625	2.51605432150753	2.53710916938625	10.89062006527
JU2016	5.16363636363636	2.16103896103896	2.37402597402597	9.6987012987013
JU2017	6.77311625965352	3.23001461072845	3.11521603005636	13.1183469004383
JU2106	6.95398709140121	3.6123256298147	3.1282531750989	13.6945658963148
JU2131	7.51856112098714	3.3253163233295	2.97500784272718	13.8188852870438
JU2141	6.02372034956305	2.78297960882231	3.01186017478152	11.8185601331669
JU2234	4.99947976277182	2.3826865050463	2.46592446155447	9.84809072937259
JU2250	7.12347354138399	3.20425842813902	3.40256758167206	13.7302995511951
JU2257	2.02475870751154	0.944187998321444	1.16449853126311	4.1334452370961
JU2316	8.61546782044348	4.43482963764197	4.16982152514873	17.2201189832342
JU2464	6.19529684698935	2.71011283349151	2.91047136981968	11.8158810503005
JU2466	5.06745989588866	2.1353447360034	2.17783915861043	9.3806437905025
JU2478	5.95757953836556	2.74485339987523	2.69286754002911	11.3953004782699
JU2513	4.99317441982569	2.17368476320487	2.33119815184291	9.49805733487346
JU2519	7.9366777195422	4.00042785324634	3.26772916889507	15.2048347416836
JU2522	6.87808463719416	3.14501732647275	2.81423921033288	12.8373411739998
JU2526	10.2970822281167	4.97082228116711	4.63129973474801	19.8992042440318
JU2534	5.35527690700104	2.25705329153605	2.15256008359457	9.76489028213166
JU2565	1.96324143692565	1.03383458646617	0.908521303258145	3.90559732664996
JU2566	3.23770917784014	1.40318054256314	1.41357447250806	6.05446419291134
JU2570	7.02702702702703	3.25363825363825	3.24324324324324	13.5239085239085
JU2572	3.01362683438155	1.39412997903564	1.27882599580713	5.68658280922432
JU2575	2.86412308971827	1.35149183906851	1.26832311051045	5.48393803929722
JU2576	6.50838279704259	3.22815786733313	3.21774445485786	12.9542851192336
JU2578	5.9417273673257	2.62226847034339	2.93444328824142	11.4984391259105
JU258	8.48297895780544	4.21394733942933	4.11479563732511	16.8117219345599
JU2581	6.98552548772813	3.18858821061464	3.22529893014475	13.3994126284875
JU2586	7.17999376104814	3.11947592804409	3.12987418113757	13.4293438702298
JU2587	5.92673592126845	2.68999453253144	2.62438490978677	11.2411153635867
JU2592	3.7345261624883	1.72682825340684	1.64360761468844	7.10496203058358
JU2593	7.02196993587722	2.95385262272679	3.20613896772837	13.1819615263324
JU2600	6.11330972714018	2.7702561966257	2.80149968756509	11.685065611331
JU2610	6.17019049612728	2.92024283022818	2.82604144860791	11.9164747749634
JU2619	5.11137415258797	2.24900462713871	2.10373399332831	9.46411277305499
JU2800	6.44074931593349	3.07303725531467	2.96779625342033	12.4815828246685
JU2811	7.34137388568432	3.16203460933403	3.04142632406922	13.5448348190876
JU2825	2.47270054598908	1.32297354052919	1.28097438051239	5.07664846703066
JU2829	7.24682886254939	3.243917654398	3.42586816385943	13.9166146808068
JU2838	7.08324640100146	3.30690590444398	2.90006259127895	13.2902148967244
JU2841	6.39887170915169	2.88863351441705	3.1916005014626	12.4791057250313
JU2853	4.06807804068078	1.68119551681196	1.69157326691573	7.44084682440847
JU2862	6.06375246599522	2.62693385941231	2.77229778839165	11.4629841137992
JU2866	6.04239164821259	2.62575134451123	2.88938099757461	11.5575239902984
JU2878	5.81370676851262	2.63102058137068	2.7848504137492	11.2295777636325
JU2879	7.57591733445803	3.53226486714466	3.6904259805989	14.7986081822016
JU2906	4.41222652569873	2.13022087302418	1.87375693499424	8.41620433371716
JU2907	2.20066750104297	0.928243637880684	0.839591155611181	3.96850229453484
JU310	5.62242282402764	2.49080575058509	2.18433077008804	10.2975593447008
JU311	4.27599611273081	1.89504373177843	2.04621531152143	8.21725515603067
JU3125	4.54496730624933	1.93482688391039	1.9509057776825	8.43069996784221
JU3127	4.8557278208441	2.09409991386736	1.98105081826012	8.93087855297158
JU3128	4.80662983425414	2.01104972375691	2.02209944751381	8.83977900552486
JU3132	6.38104407359863	3.11831407787762	2.83483097988875	12.334189131365
JU3134	5.03276399183586	2.30422172091524	2.05177784939306	9.38876356214416
JU3135	5.04703929164361	2.47371333702269	2.20807969009408	9.72883231876038
JU3137	6.56603371026243	2.86430552592277	2.5656069980798	11.995946234265
JU3140	6.94623655913978	3.05376344086022	3.12903225806452	13.1290322580645
JU3141	4.18365157691483	2.0489165415147	2.11328041192877	8.34584853035829
JU3144	5.84451591438394	2.77808583786182	2.60618831096817	11.2287900632139
JU3166	8.37814583781458	3.95784039578404	3.67283286728329	16.0088191008819
JU3167	8.82888674595521	4.10371798992821	4.02871531126112	16.9613200471445
JU3169	8.34592960483697	4.02720794644785	3.90304469876916	16.276182250054
JU3224	5.83999099808709	2.68369528524812	2.62743332958254	11.1511196129177
JU3225	4.48519664162616	2.08793636765356	2.18736190897039	8.76049491825011
JU3226	14.9725274725275	7.29813664596273	7.44147157190635	29.7121356903966
JU3228	6.14904156795176	3.05836743484816	2.82683609735085	12.0342451001508
JU323	6.26150016235523	2.6788613486308	2.66262582530577	11.6029873362918
JU3280	6.58334231225083	2.98459217756707	2.99536687856912	12.563301368387
JU3282	5.44868350349275	2.18162278344976	2.2944653412144	9.9247716281569
JU3291	5.80294718726471	2.60299021189631	2.87189415940626	11.2778315585673
JU3318	4.99667994687915	2.35170429393537	2.4734395750332	9.82182381584772
JU346	5.36492999770484	2.23777828781272	1.93366995639201	9.53637824190957
JU360	5.84036678128582	2.59977076169636	2.53204126289465	10.9721788058768
JU367	2.57715387912559	1.09301328761252	1.07158165452207	4.74174882126018
JU3795	5.92036689597665	2.82468209297478	2.92891390452366	11.6739628934751
JU393	5.09523297105348	2.2651458086732	2.17905950715592	9.5394382868826
JU394	2.16102608320759	1.19637852985557	1.23949126967019	4.59689588273335
JU397	6.00411834832557	2.76904736100574	2.80697951663596	11.5801452259673
JU4047	7.056	2.90666666666667	3.728	13.6906666666667
JU406	2.06762868834805	0.990738746500108	1.02304544475555	4.0814128796037
JU4073	5.56286309328072	2.43889071577332	2.67455880740984	10.6763126164639
JU4082	9.07787337304214	4.05912199426428	4.21906022501655	17.356055592323
JU4098	5.59609339919174	2.2002694207454	2.53143242029636	10.3277952402335
JU440	3.38143441740254	1.65841051044583	1.25996123196209	6.29980615981047
JU561	4.427303465765	2.04459002535926	1.94420963651733	8.41610312764159
JU642	5.35924617196702	2.2379269729093	1.88457008244994	9.48174322732627
JU751	6.70528913206737	2.85377105460787	2.87522797983049	12.4342881665057
JU774	5.86051017113336	2.52394790657626	2.2279625443978	10.6124206221074
JU775	10.1554183521397	4.76900149031297	4.36448797104535	19.288907813498
JU778	7.0637408568443	3.14524555903866	2.69070010449321	12.8996865203762
JU782	7.57129327580764	3.27265074187099	3.18846679995791	14.0324108176365
JU792	7.22364489970124	3.3397353819889	3.47844643619292	14.0418267178831
JU830	5.95135135135135	2.60540540540541	2.81081081081081	11.3675675675676
JU847	6.5205685978893	2.83222054706009	2.83760499676933	12.1903941417187
KR314	6.10744784347638	2.58350448600151	2.75105394011458	11.4420062695925
LKC34	6.45770392749245	2.55179110919292	2.45468277945619	11.4641778161416
MY1	6.26472478046691	2.59691582780039	2.77896765902763	11.6406082672949
MY10	6.56673423663715	2.66190120559053	2.61389096340553	11.8425264056332
MY16	6.96512122501063	3.31242024670353	3.38685665674181	13.664398128456
MY18	6.48127993034393	2.98215063125816	3.24336090552895	12.706791467131
MY2147	5.11794214964244	2.57231294695272	2.51360870957413	10.2038638061693
MY2212	5.57399149642228	2.68588613502022	2.60292440111998	10.8628020325625
MY23	9.15025568490915	4.21608094875422	4.06919812860407	17.4355347622674
MY2453	5.52025830642641	2.46849286532653	2.52057077387772	10.5093219456307
MY2530	4.78376935397758	2.02349172450614	2.11959423384944	8.92685531233315
MY2535	5.17683513195854	2.04615877764718	2.20108986002778	9.42408376963351
MY2573	4.81687480323224	2.36646027914786	2.23003463112604	9.41336971350614
MY2585	5.51103304424196	2.25601053902734	2.437150071358	10.2041936546273
MY2693	5.03402830290591	2.24694825537431	2.27935616290375	9.56033272118397
MY2713	5.29100529100529	2.48677248677249	2.39153439153439	10.1693121693122
MY2741	5.67065356685177	2.52029047415634	2.77659120034173	10.9675352413499
MY518	5.92033267673451	2.61545195885314	2.68111184066535	11.216896476253
MY679	5.73331934536299	2.46013428451532	2.55455308434746	10.7480067142258
MY772	6.25529661016949	3.03495762711864	2.83898305084746	12.1292372881356
MY795	5.33722505993954	2.48097571145627	2.68424893151256	10.5024497029084
MY920	4.88977739355954	2.2260644045818	2.29090123189972	9.40674303004106
N2	0.155047048759624	0.0641573994867408	0.0213857998289136	0.240590248075278
NIC1	4.67315260166156	1.88565806733712	1.75994752951465	8.31875819851334
NIC1049	4.47691347753744	2.23585690515807	2.14746256239601	8.86023294509151
NIC1107	3.23349569903617	1.5960203129858	1.58565654471966	6.41517255674163
NIC1119	5.89300937766411	2.45098039215686	2.80264279624893	11.1466325660699
NIC166	6.50805917421064	2.88143077942151	3.00839037315081	12.397880326783
NIC1779	5.41324056504322	2.46679316888046	2.67763019186169	10.5576639257854
NIC1780	8.91209839889725	4.20952178984201	3.92323189481497	17.0448520835542
NIC1782	8.06244653550043	3.99914456800684	3.99379811804961	16.0553892215569
NIC1783	8.21215608327231	4.23684485824877	3.87069777173344	16.3196987132545
NIC1785	8.50548060708263	4.11045531197302	4.01559865092749	16.6315345699831
NIC1786	8.45269210663879	4.18191322530058	4.15054887611082	16.7851542080502
NIC1787	8.40327318506085	4.09672681493915	3.82920688208141	16.3292068820814
NIC1788	8.41850173848909	4.27773680328732	4.01432936466126	16.7105679064377
NIC1789	9.5315447495284	4.88891217774052	4.72123244602809	19.141689373297
NIC1790	8.94859553680471	3.95803264127901	4.49095148218053	17.3975796602642
NIC1791	8.66273243514085	4.08083732323795	4.30352967375571	17.0470994321345
NIC1792	8.30626190209477	3.7750644113364	4.16153242970763	16.2428587431388
NIC1794	8.43890692074128	4.13569259763376	4.03099151921265	16.6055910375877
NIC1796	8.6984126984127	4.32804232804233	4.2010582010582	17.2275132275132
NIC1798	8.68766404199475	4.11548556430446	4.2992125984252	17.1023622047244
NIC1799	8.31137345841678	4.19521450405818	3.95277748497945	16.4593654474544
NIC1801	8.86129682691287	4.42534224769182	4.40411758463334	17.690756659238
NIC1802	9.1844270943237	4.50516986706056	4.45241612154463	18.1420130829289
NIC1805	7.61794683198487	3.50950929914889	3.56204686350741	14.6895029946412
NIC1806	9.09996853036819	4.16448127556908	4.03860274834784	17.3030525542851
NIC1808	6.06760445097628	2.81335292882637	3.09678773882007	11.9777451186227
NIC1809	6.66945431737403	3.2406439473134	3.14656073593979	13.0566590006272
NIC1810	7.8842524638289	3.68001677500524	3.49129796603061	15.0555672048648
NIC1811	7.17357105401154	3.37703198741479	3.39800734137389	13.9486103828002
NIC1812	7.11218183722635	3.22614433853567	3.20519534932439	13.5435215250864
NIC1832	6.55190401669275	2.92123109024517	3.11945748565467	12.5925925925926
NIC195	8.15079801871216	3.79746835443038	3.73142542652724	15.6796917996698
NIC199	8.34044368600683	4.0582337883959	3.97824232081911	16.3769197952218
NIC2	1.98983911939035	0.83086367485182	0.709144792548688	3.52984758679086
NIC207	4.67164975974373	2.00213561131874	1.82060864922584	8.49439402028831
NIC231	6.25	2.73950131233596	2.7176290463692	11.7071303587052
NIC236	6.51891891891892	2.79459459459459	2.64324324324324	11.9567567567568
NIC242	3.86527072758037	1.82952622673435	1.85067681895093	7.54547377326565
NIC251	10.5013477088949	5.30458221024259	5.5256064690027	21.3315363881402
NIC252	7.85348688419706	3.7108125399872	3.44423117935594	15.0085306035402
NIC255	3.8358458961474	1.6750418760469	1.47403685092127	6.98492462311558
NIC256	8.22022767075307	3.42600700525394	3.14141856392294	14.7876532399299
NIC258	9.05277689285335	4.37506636933206	3.838802166295	17.2666454284804
NIC259	6.59777424483307	2.93587705352411	2.60731319554849	12.1409644939057
NIC260	7.68418830483428	3.4937724298079	3.20878192949124	14.3867426641334
NIC261	9.40179989412388	4.1079936474325	3.82742191635786	17.3372154579142
NIC262	8.69881405236071	3.67531886328038	3.41239650928619	15.7865294249273
NIC265	9.40993121238177	4.79363714531384	4.42282889079966	18.6263972484953
NIC266	6.41569459172853	2.90031813361612	3.03817603393425	12.3541887592789
NIC267	6.52333894028595	2.85954583683768	2.93839360807401	12.3212783851976
NIC268	7.73594909862142	3.70625662778367	3.30858960763521	14.7507953340403
NIC269	7.89919525624735	3.43074968233799	3.34603981363829	14.6759847522236
NIC271	8.13275368465698	3.5362103700562	3.22341215141554	14.8923762061287
NIC272	6.60942266410575	2.84713591684555	2.44040221443905	11.8969607953904
NIC274	6.73901247965274	2.94085729788388	2.71296798697775	12.3928377645144
NIC275	6.16612068054528	2.59431469935538	2.4569375462327	11.2173729261334
NIC276	6.42765548194059	2.58602265441334	2.61808078649284	11.6317589228468
NIC277	5.49102428722281	2.63463569165787	2.39704329461457	10.5227032734952
NIC3	6.4068837005371	2.84993971281377	2.75128795352406	12.0081113668749
NIC501	6.96083550913838	3.19060052219321	3.31070496083551	13.4621409921671
NIC511	5.9028500104015	2.8604118993135	2.7876014146037	11.5508633243187
NIC513	6.53982116864213	2.77604491578291	2.58889582033687	11.9047619047619
NIC514	6.50542118432027	2.61155129274395	2.57506255212677	11.692035029191
NIC515	6.49431877410612	2.74679453768373	2.88752215156885	12.1286354633587
NIC522	4.85553353499531	2.27391258996558	2.10701992281214	9.23646604777303
NIC523	7.50078133138869	3.63058651942911	3.58370663610793	14.7150744869257
NIC526	6.90158465387823	2.97122602168474	3.11718098415346	12.9899916597164
NIC527	6.37075718015666	2.77284595300261	2.62140992167102	11.7650130548303
NIC528	5.36085690515807	2.48544093178037	2.33985024958403	10.1861480865225
NIC529	5.2678107124285	2.37129485179407	2.2256890275611	9.86479459178367
PB303	4.33743894669781	1.79974516882565	2.03334041197707	8.17052452750053
PS2025	7.45102237447811	3.44181565142918	3.65057274381758	14.5434107697249
PX179	3.41492090637024	1.3948268490808	1.72082086361693	6.53056861906798
QG2075	6.37853470437018	3.19194515852614	3.05269922879177	12.6231790916881
QG2811	3.61725067385445	1.68194070080863	1.75741239892183	7.05660377358491
QG2813	5.41030839824992	2.28897663002881	2.34766833849109	10.0469533667698
QG2818	4.96510152284264	2.08333333333333	2.19966159052453	9.24809644670051
QG2823	5.59741086587436	2.09040747028862	2.31324278438031	10.0010611205433
QG2824	5.93653498030029	2.5023959109786	2.55563837716963	10.9945692684485
QG2825	5.35638070849338	2.20337174562527	2.11267605633803	9.67242851045668
QG2827	6.57221985513421	2.993182786536	3.05709416276097	12.6224968044312
QG2828	6.40280670979059	2.74640938493586	2.86152834119066	12.0107444359171
QG2832	6.40655105973025	2.94369514022693	2.61186041532862	11.9621066152858
QG2835	6.26748439853669	2.86206154508285	2.51775338928341	11.6472993329029
QG2836	5.99162461075915	2.65757543219156	2.46966605819822	11.1188661011489
QG2837	6.28177966101695	2.66949152542373	2.55296610169492	11.5042372881356
QG2838	5.87479935794543	2.6645264847512	3.07116104868914	11.6104868913858
QG2841	6.61139226876279	2.9126736298051	3.19263486594164	12.7167007645095
QG2843	5.09638939184152	1.87985940994781	2.28991372883161	9.26616253062094
QG2846	7.04103671706264	3.25053995680346	3.42332613390929	13.7149028077754
QG2850	5.43478260869565	2.19522591645354	2.57885763000853	10.2088661551577
QG2854	6.44107105207674	2.87792536369386	2.80413240565043	12.123128821421
QG2855	6.66236142503498	2.93294586158648	2.94909051770531	12.5443978043268
QG2857	6.44953240890035	2.6819305600344	2.66580672901215	11.7972696979469
QG2873	6.06560869102141	2.417722867185	2.83310256683353	11.3164341250399
QG2874	6.13388853299167	2.41298313047192	2.8080290412129	11.3549007046765
QG2875	6.41322662173547	2.69587194608256	2.89595619208088	12.0050547598989
QG2877	5.95959595959596	2.46677299308878	2.70069112174375	11.1270600744285
QG2932	5.71835142827026	2.64572572994624	2.79329608938547	11.157373247602
QG4003	4.59524306279992	2.04464844564991	1.90903400792823	8.54892551637805
QG4004	4.095367278798	1.93030050083472	1.67466611018364	7.70033388981636
QG4006	4.57523136113133	1.81969429135905	1.9548715815743	8.34979723406468
QG4008	4.40885931163564	1.87168555682645	1.9548715815743	8.23541645003639
QG4010	5.22380309481774	2.29515006750441	2.14975594558106	9.66870910790321
QG4012	6.85189053687069	3.3423856277418	3.25360350950491	13.4478796741174
QG4015	5.73838783586753	2.58279525098938	2.56196625702979	10.8831493438867
QG4017	5.62265722615577	2.41566014160766	2.49895876718034	10.5372761349438
QG4018	5.13329848405646	2.18504966021955	2.22686879247256	9.54521693674856
QG4021	5.66972668474859	2.46192363863968	2.63926559566034	10.7709159190486
QG4080	6.20682436675738	3.06677831274859	2.72137324680762	11.9949759263136
QG4103	5.93650793650794	2.8042328042328	2.6984126984127	11.4391534391534
QG4135	6.35762284754305	3.05543889122218	2.95044099118018	12.3635027299454
QG4138	5.97124567110925	2.53961590932942	2.48189736593556	10.9927589463742
QG4151	5.32004197271773	2.44491080797482	2.47639034627492	10.2413431269675
QG4193	6.09259065733096	2.60215278503501	2.67530567457415	11.3700491169401
QG4226	5.66852807923296	2.53924770835528	2.64461068380571	10.852386471394
QG4228	6.9600764493523	3.3552771289021	3.45614780208112	13.7715013803355
QG536	5.31015037593985	2.07289055973266	2.21386800334169	9.5969089390142
QG556	7.08785993038709	3.45427697500264	3.40153992194916	13.9436768273389
QG557	6.7	3.22105263157895	3.18947368421053	13.1105263157895
QW947	6.34054167541465	2.70312828049549	3.08629015326475	12.1299601091749
QX1211	17.0056685561854	8.47504723796821	9.27531399355341	34.756029787707
QX1212	6.64101154480484	2.78174821330401	2.89169873556899	12.3144584936778
QX1233	5.95146166574738	2.90678433535576	2.81301709873138	11.6712630998345
QX1791	7.90082644628099	4.04407713498623	4.38567493112948	16.3305785123967
QX1792	7.71224886584575	3.58608770792828	3.61849211492763	14.9168286887017
QX1793	9.1986574365429	4.26368785399622	4.11684497587581	17.5791902664149
QX1794	9.07299989055489	4.31760971872606	4.13702528182117	17.5276348911021
RC301	4.94948409286328	1.9883920894239	1.97226999140155	8.91014617368874
TWN2530	5.75539568345324	2.50740584003386	2.58675412611088	10.849555649598
TWN2542	5.6828885400314	2.46991104133961	2.60596546310832	10.7587650444793
WN2001	7.34021304926764	3.38992454505104	3.65623612960497	14.3863737239237
WN2002	5.44823906083244	2.48132337246531	2.45997865528282	10.3895410885806
WN2033	5.99788806758184	2.65047518479409	2.96726504751848	11.6156282998944
WN2050	5.15227367542762	2.55527743012098	2.60742594910305	10.3149770546516
WN2063	6.11260053619303	2.60053619302949	2.50938337801609	11.2225201072386
WN2064	4.93429209025539	1.75427721299281	1.81006694768163	8.49863625092983
WN2066	3.25238508239376	1.52320034692108	1.60450997398092	6.38009540329575
WN2068	5.3561747804402	2.24438902743142	2.25523148650114	9.85579529437276
WN2069	3.91666666666667	1.93888888888889	1.75	7.60555555555556
WN2082	5.60402684563758	2.32102908277405	2.47203579418345	10.3970917225951
WN2086	3.59831709477414	1.71612046058459	1.78808680248007	7.1025243578388
XZ1513	8.90675576902997	4.07225644773938	4.33851936932234	17.3175315860917
XZ1514	16.7519181585678	8.53580562659847	9.34036658141518	34.6280903665814
XZ1515	6.73674691985984	3.21012772691308	3.08014016050639	13.0270148072793
XZ1516	18.1065224893593	9.47889106177384	9.19705510180605	36.7824686529391
XZ1672	5.18416712479384	2.11105002748763	2.38042880703683	9.67564595931831
XZ1734	6.15643306574094	2.7120850509872	2.7120850509872	11.5806031677153
XZ1735	5.95709570957096	2.86028602860286	2.60726072607261	11.4246424642464
XZ1756	5.61067019400353	2.31481481481481	2.67857142857143	10.6040564373898
XZ2018	3.71599203715992	1.71422251714223	1.89117451891175	7.32138907321389
XZ2019	9.5959595959596	4.58473625140292	4.50056116722783	18.6812570145903
XZ2020	5.9461853615325	2.36407928247149	2.48588196213044	10.7961466061344
XZ2211	8.78506644167897	4.39253322083949	4.00759333473951	17.185192997258
